symbol,name,sector,industry,lending
1301,極洋,Materials,水産・農林業,貸借
1332,日本水産,Materials,水産・農林業,貸借
1333,マルハニチロ,Materials,水産・農林業,貸借
1352,ホウスイ,Industrials,卸売業,信用
1376,カネコ種苗,Materials,水産・農林業,信用
1377,サカタのタネ,Materials,水産・農林業,貸借
1378,雪国まいたけ,Materials,水産・農林業,貸借
1379,ホクト,Materials,水産・農林業,貸借
1380,秋川牧園,Materials,水産・農林業,信用
1381,アクシーズ,Materials,水産・農林業,信用
1382,ホーブ,Materials,水産・農林業,信用
1383,ベルグアース,Materials,水産・農林業,信用
1384,ホクリヨウ,Materials,水産・農林業,信用
1400,ルーデン・ホールディングス,Industrials,建設業,信用
1405,サーラ住宅,Industrials,建設業,信用
1407,ウエストホールディングス,Industrials,建設業,貸借
1408,サムシングホールディングス,Industrials,建設業,信用
1414,ショーボンドホールディングス,Industrials,建設業,貸借
1417,ミライト・ホールディングス,Industrials,建設業,貸借
1418,インターライフホールディングス,Industrials,建設業,貸借
1419,タマホーム,Industrials,建設業,貸借
1420,サンヨーホームズ,Industrials,建設業,貸借
1429,日本アクア,Industrials,建設業,信用
1491,中外鉱業,Materials,非鉄金属,信用
1514,住石ホールディングス,Energy,鉱業,貸借
1515,日鉄鉱業,Energy,鉱業,貸借
1518,三井松島産業,Energy,鉱業,貸借
1605,国際石油開発帝石,Energy,鉱業,貸借
1606,日本海洋掘削,Energy,鉱業,貸借
1662,石油資源開発,Energy,鉱業,貸借
1663,Ｋ＆Ｏエナジーグループ,Energy,鉱業,貸借
1711,省電舎,Industrials,建設業,信用
1712,ダイセキ環境ソリューション,Industrials,建設業,貸借
1716,第一カッター興業,Industrials,建設業,貸借
1717,明豊ファシリティワークス,Industrials,建設業,信用
1718,美樹工業,Industrials,建設業,信用
1719,安藤・間,Industrials,建設業,貸借
1720,東急建設,Industrials,建設業,貸借
1721,コムシスホールディングス,Industrials,建設業,貸借
1722,ミサワホーム,Industrials,建設業,貸借
1723,日本電技,Industrials,建設業,信用
1724,シンクレイヤ,Industrials,建設業,信用
1726,ビーアールホールディングス,Industrials,建設業,信用
1728,ミサワホーム中国,Industrials,建設業,信用
1730,麻生フオームクリート,Industrials,建設業,信用
1736,オーテック,Industrials,建設業,信用
1737,三井金属エンジニアリング,Industrials,建設業,信用
1739,シード平和,Industrials,建設業,信用
1743,コーアツ工業,Industrials,建設業,信用
1757,クレアホールディングス,Industrials,建設業,信用
1758,太洋基礎工業,Industrials,建設業,信用
1762,高松コンストラクショングループ,Industrials,建設業,貸借
1764,工藤建設,Industrials,建設業,信用
1766,東建コーポレーション,Industrials,建設業,貸借
1768,ソネック,Industrials,建設業,信用
1770,藤田エンジニアリング,Industrials,建設業,信用
1773,ワイ・ティー・エル・コーポレーション・バーハッド,Industrials,建設業,信用
1775,富士古河Ｅ＆Ｃ,Industrials,建設業,信用
1776,三井住建道路,Industrials,建設業,信用
1780,ヤマウラ,Industrials,建設業,貸借
1782,常磐開発,Industrials,建設業,信用
1783,Ａ．Ｃホールディングス,Industrials,建設業,信用
1787,ナカボーテック,Industrials,建設業,信用
1788,三東工業社,Industrials,建設業,信用
1789,山加電業,Industrials,建設業,貸借
1793,大本組,Industrials,建設業,信用
1795,マサル,Industrials,建設業,信用
1798,守谷商会,Industrials,建設業,信用
1799,第一建設工業,Industrials,建設業,信用
1801,大成建設,Industrials,建設業,貸借
1802,大林組,Industrials,建設業,貸借
1803,清水建設,Industrials,建設業,貸借
1805,飛島建設,Industrials,建設業,貸借
1807,佐藤渡辺,Industrials,建設業,信用
1808,長谷工コーポレーション,Industrials,建設業,貸借
1810,松井建設,Industrials,建設業,貸借
1811,錢高組,Industrials,建設業,貸借
1812,鹿島建設,Industrials,建設業,貸借
1813,不動テトラ,Industrials,建設業,貸借
1814,大末建設,Industrials,建設業,貸借
1815,鉄建建設,Industrials,建設業,貸借
1819,日鉄住金テックスエンジ,Industrials,建設業,貸借
1820,西松建設,Industrials,建設業,貸借
1821,三井住友建設,Industrials,建設業,貸借
1822,大豊建設,Industrials,建設業,貸借
1824,前田建設工業,Industrials,建設業,貸借
1826,佐田建設,Industrials,建設業,貸借
1827,ナカノフドー建設,Industrials,建設業,貸借
1828,田辺工業,Industrials,建設業,信用
1833,奥村組,Industrials,建設業,貸借
1834,大和小田急建設,Industrials,建設業,信用
1835,東鉄工業,Industrials,建設業,貸借
1840,土屋ホールディングス,Industrials,建設業,貸借
1841,サンユー建設,Industrials,建設業,信用
1844,大盛工業,Industrials,建設業,信用
1846,鈴縫工業,Industrials,建設業,信用
1847,イチケン,Industrials,建設業,信用
1848,富士ピー・エス,Industrials,建設業,信用
1850,南海辰村建設,Industrials,建設業,信用
1852,淺沼組,Industrials,建設業,貸借
1853,森組,Industrials,建設業,信用
1860,戸田建設,Industrials,建設業,貸借
1861,熊谷組,Industrials,建設業,貸借
1865,青木あすなろ建設,Industrials,建設業,信用
1866,北野建設,Industrials,建設業,貸借
1867,植木組,Industrials,建設業,貸借
1868,三井ホーム,Industrials,建設業,貸借
1870,矢作建設工業,Industrials,建設業,貸借
1871,ピーエス三菱,Industrials,建設業,信用
1873,東日本ハウス,Industrials,建設業,信用
1878,大東建託,Industrials,建設業,貸借
1879,新日本建設,Industrials,建設業,貸借
1881,ＮＩＰＰＯ,Industrials,建設業,貸借
1882,東亜道路工業,Industrials,建設業,貸借
1883,前田道路,Industrials,建設業,貸借
1884,日本道路,Industrials,建設業,貸借
1885,東亜建設工業,Industrials,建設業,貸借
1888,若築建設,Industrials,建設業,貸借
1890,東洋建設,Industrials,建設業,貸借
1893,五洋建設,Industrials,建設業,貸借
1896,大林道路,Industrials,建設業,貸借
1897,金下建設,Industrials,建設業,貸借
1898,世紀東急工業,Industrials,建設業,信用
1899,福田組,Industrials,建設業,貸借
1904,大成温調,Industrials,建設業,信用
1905,テノックス,Industrials,建設業,信用
1906,細田工務店,Industrials,建設業,信用
1909,日本ドライケミカル,Industrials,機械,信用
1911,住友林業,Industrials,建設業,貸借
1914,日本基礎技術,Industrials,建設業,貸借
1916,日成ビルド工業,Industrials,建設業,貸借
1919,ヤマダ・エスバイエルホーム,Industrials,建設業,貸借
1921,巴コーポレーション,Industrials,建設業,貸借
1924,パナホーム,Industrials,建設業,貸借
1925,大和ハウス工業,Industrials,建設業,貸借
1926,ライト工業,Industrials,建設業,貸借
1928,積水ハウス,Industrials,建設業,貸借
1929,日特建設,Industrials,建設業,貸借
1930,北陸電気工事,Industrials,建設業,貸借
1931,日本電通,Industrials,建設業,貸借
1933,ＳＹＳＫＥＮ,Industrials,建設業,貸借
1934,ユアテック,Industrials,建設業,貸借
1935,ＴＴＫ,Industrials,建設業,信用
1937,西部電気工業,Industrials,建設業,貸借
1938,日本リーテック,Industrials,建設業,信用
1939,四電工,Industrials,建設業,貸借
1941,中電工,Industrials,建設業,貸借
1942,関電工,Industrials,建設業,貸借
1944,きんでん,Industrials,建設業,貸借
1945,東京エネシス,Industrials,建設業,貸借
1946,トーエネック,Industrials,建設業,貸借
1948,弘電社,Industrials,建設業,信用
1949,住友電設,Industrials,建設業,貸借
1950,日本電設工業,Industrials,建設業,貸借
1951,協和エクシオ,Industrials,建設業,貸借
1952,新日本空調,Industrials,建設業,貸借
1954,日本工営,Industrials,サービス業,貸借
1956,ＮＤＳ,Industrials,建設業,貸借
1959,九電工,Industrials,建設業,貸借
1960,サンテック,Industrials,建設業,信用
1961,三機工業,Industrials,建設業,貸借
1963,日揮,Industrials,建設業,貸借
1964,中外炉工業,Industrials,建設業,貸借
1965,テクノ菱和,Industrials,建設業,貸借
1966,高田工業所,Industrials,建設業,信用
1967,ヤマト,Industrials,建設業,貸借
1968,太平電業,Industrials,建設業,貸借
1969,高砂熱学工業,Industrials,建設業,貸借
1971,中央ビルト工業,Materials,金属製品,信用
1972,三晃金属工業,Industrials,建設業,貸借
1973,ＮＥＣネッツエスアイ,Communication Services,情報･通信業,貸借
1975,朝日工業社,Industrials,建設業,貸借
1976,明星工業,Industrials,建設業,貸借
1979,大氣社,Industrials,建設業,貸借
1980,ダイダン,Industrials,建設業,貸借
1981,協和日成,Industrials,建設業,信用
1982,日比谷総合設備,Industrials,建設業,貸借
1983,東芝プラントシステム,Industrials,建設業,貸借
1984,三信建設工業,Industrials,建設業,信用
1987,ソルコム,Industrials,建設業,信用
1989,北陸電話工事,Industrials,建設業,信用
1992,神田通信機,Industrials,建設業,信用
1994,高橋カーテンウォール工業,Industrials,建設業,信用
1997,暁飯島工業,Industrials,建設業,信用
2001,日本製粉,Consumer Defensive,食料品,貸借
2002,日清製粉グループ本社,Consumer Defensive,食料品,貸借
2003,日東富士製粉,Consumer Defensive,食料品,信用
2004,昭和産業,Consumer Defensive,食料品,貸借
2006,東福製粉,Consumer Defensive,食料品,信用
2008,増田製粉所,Consumer Defensive,食料品,信用
2009,鳥越製粉,Consumer Defensive,食料品,信用
2053,中部飼料,Consumer Defensive,食料品,貸借
2055,日和産業,Consumer Defensive,食料品,貸借
2060,フィード・ワンホールディングス,Consumer Defensive,食料品,貸借
2107,東洋精糖,Consumer Defensive,食料品,信用
2108,日本甜菜製糖,Consumer Defensive,食料品,貸借
2109,三井製糖,Consumer Defensive,食料品,貸借
2112,塩水港精糖,Consumer Defensive,食料品,貸借
2114,フジ日本精糖,Consumer Defensive,食料品,信用
2117,日新製糖,Consumer Defensive,食料品,貸借
2120,ネクスト,Industrials,サービス業,信用
2121,ミクシィ,Industrials,サービス業,信用
2122,インタースペース,Industrials,サービス業,信用
2124,ジェイエイシーリクルートメント,Industrials,サービス業,信用
2127,日本Ｍ＆Ａセンター,Industrials,サービス業,貸借
2128,ノバレーゼ,Industrials,サービス業,貸借
2131,アコーディア・ゴルフ,Industrials,サービス業,貸借
2132,アイレップ,Industrials,サービス業,信用
2134,燦キャピタルマネージメント,Industrials,サービス業,信用
2136,ヒップ,Industrials,サービス業,信用
2138,クルーズ,Communication Services,情報･通信業,貸借
2139,中広,Industrials,サービス業,信用
2144,やまねメディカル,Industrials,サービス業,信用
2145,データリンクス,Industrials,サービス業,信用
2146,ＵＴホールディングス,Industrials,サービス業,信用
2148,アイティメディア,Industrials,サービス業,信用
2150,ケアネット,Industrials,サービス業,信用
2151,タケエイ,Industrials,サービス業,信用
2152,幼児活動研究会,Industrials,サービス業,信用
2153,Ｅ・Ｊホールディングス,Industrials,サービス業,信用
2154,トラスト・テック,Industrials,サービス業,信用
2155,カービュー,Industrials,サービス業,その他
2156,セーラー広告,Industrials,サービス業,信用
2157,コシダカホールディングス,Industrials,サービス業,貸借
2158,ＵＢＩＣ,Industrials,サービス業,信用
2159,フルスピード,Industrials,サービス業,信用
2160,ジーエヌアイグループ,Healthcare,医薬品,信用
2162,日本マニュファクチャリングサービス,Industrials,サービス業,信用
2163,アルトナー,Industrials,サービス業,信用
2164,地域新聞社,Industrials,サービス業,信用
2165,メガロス,Industrials,サービス業,信用
2168,パソナグループ,Industrials,サービス業,貸借
2169,ＣＤＳ,Industrials,サービス業,貸借
2170,リンクアンドモチベーション,Industrials,サービス業,貸借
2173,博展,Industrials,サービス業,貸借
2174,ＧＣＡサヴィアン,Industrials,サービス業,貸借
2175,エス・エム・エス,Industrials,サービス業,信用
2176,イナリサーチ,Industrials,サービス業,信用
2178,トライステージ,Industrials,サービス業,信用
2179,成学社,Industrials,サービス業,貸借
2180,サニーサイドアップ,Industrials,サービス業,信用
2181,テンプホールディングス,Industrials,サービス業,貸借
2183,リニカル,Industrials,サービス業,信用
2185,シイエム・シイ,Industrials,サービス業,信用
2186,ソーバル,Industrials,サービス業,信用
2191,テラ,Industrials,サービス業,貸借
2193,クックパッド,Industrials,サービス業,信用
2195,アミタホールディングス,Industrials,サービス業,信用
2196,エスクリ,Industrials,サービス業,信用
2198,アイ・ケイ・ケイ,Industrials,サービス業,貸借
2201,森永製菓,Consumer Defensive,食料品,貸借
2204,中村屋,Consumer Defensive,食料品,貸借
2206,江崎グリコ,Consumer Defensive,食料品,貸借
2207,名糖産業,Consumer Defensive,食料品,信用
2208,ブルボン,Consumer Defensive,食料品,信用
2209,井村屋グループ,Consumer Defensive,食料品,信用
2211,不二家,Consumer Defensive,食料品,貸借
2212,山崎製パン,Consumer Defensive,食料品,貸借
2215,第一屋製パン,Consumer Defensive,食料品,貸借
2216,カンロ,Consumer Defensive,食料品,信用
2217,モロゾフ,Consumer Defensive,食料品,貸借
2220,亀田製菓,Consumer Defensive,食料品,貸借
2221,岩塚製菓,Consumer Defensive,食料品,信用
2222,寿スピリッツ,Consumer Defensive,食料品,貸借
2224,コモ,Consumer Defensive,食料品,信用
2226,フレンテ,Consumer Defensive,食料品,貸借
2228,シベール,Consumer Defensive,食料品,信用
2229,カルビー,Consumer Defensive,食料品,貸借
2264,森永乳業,Consumer Defensive,食料品,貸借
2266,六甲バター,Consumer Defensive,食料品,貸借
2267,ヤクルト本社,Consumer Defensive,食料品,貸借
2268,Ｂ−Ｒ　サーティワン　アイスクリーム,Consumer Defensive,食料品,信用
2269,明治ホールディングス,Consumer Defensive,食料品,貸借
2270,雪印メグミルク,Consumer Defensive,食料品,貸借
2281,プリマハム,Consumer Defensive,食料品,貸借
2282,日本ハム,Consumer Defensive,食料品,貸借
2284,伊藤ハム,Consumer Defensive,食料品,貸借
2286,林兼産業,Consumer Defensive,食料品,貸借
2288,丸大食品,Consumer Defensive,食料品,貸借
2290,米久,Consumer Defensive,食料品,貸借
2291,福留ハム,Consumer Defensive,食料品,信用
2292,Ｓ　Ｆｏｏｄｓ,Consumer Defensive,食料品,貸借
2293,滝沢ハム,Consumer Defensive,食料品,信用
2294,柿安本店,Consumer Defensive,食料品,貸借
2300,きょくとう,Industrials,サービス業,信用
2301,学情,Industrials,サービス業,貸借
2303,ドーン,Communication Services,情報･通信業,信用
2304,ＣＳＳホールディングス,Industrials,サービス業,貸借
2305,スタジオアリス,Industrials,サービス業,貸借
2307,クロスキャット,Communication Services,情報･通信業,信用
2309,シミックホールディングス,Industrials,サービス業,貸借
2311,エプコ,Industrials,サービス業,信用
2315,ＳＪＩ,Communication Services,情報･通信業,貸借
2317,システナ,Communication Services,情報･通信業,貸借
2321,ソフトフロント,Communication Services,情報･通信業,信用
2323,ｆｏｎｆｕｎ,Communication Services,情報･通信業,信用
2325,日本上下水道設計,Industrials,サービス業,貸借
2326,デジタルアーツ,Communication Services,情報･通信業,貸借
2327,新日鉄住金ソリューションズ,Communication Services,情報･通信業,貸借
2329,東北新社,Communication Services,情報･通信業,信用
2330,ＳｍａｒｔＥｂｏｏｋ．ｃｏｍ,Communication Services,情報･通信業,信用
2331,綜合警備保障,Industrials,サービス業,貸借
2332,クエスト,Communication Services,情報･通信業,貸借
2335,キューブシステム,Communication Services,情報･通信業,貸借
2337,いちごグループホールディングス,Industrials,サービス業,貸借
2338,ファステップス,Communication Services,情報･通信業,信用
2340,極楽湯,Industrials,サービス業,信用
2341,アルバイトタイムス,Industrials,サービス業,信用
2342,トランスジェニック,Industrials,サービス業,信用
2344,平安レイサービス,Industrials,サービス業,信用
2345,システム・テクノロジー・アイ,Communication Services,情報･通信業,信用
2349,エヌアイデイ,Communication Services,情報･通信業,信用
2351,ＡＳＪ,Communication Services,情報･通信業,信用
2352,エイジア,Communication Services,情報･通信業,信用
2353,日本駐車場開発,Real Estate,不動産業,信用
2354,安川情報システム,Communication Services,情報･通信業,信用
2359,コア,Communication Services,情報･通信業,貸借
2362,夢真ホールディングス,Industrials,サービス業,貸借
2369,メディビックグループ,Industrials,サービス業,信用
2370,メディネット,Industrials,サービス業,信用
2371,カカクコム,Industrials,サービス業,貸借
2372,アイロムホールディングス,Industrials,サービス業,貸借
2373,ケア２１,Industrials,サービス業,信用
2374,セントケア・ホールディング,Industrials,サービス業,信用
2375,スリープログループ,Industrials,サービス業,信用
2376,サイネックス,Industrials,サービス業,信用
2378,ルネサンス,Industrials,サービス業,貸借
2379,ディップ,Industrials,サービス業,貸借
2384,ＳＢＳホールディングス,Industrials,陸運業,貸借
2385,総医研ホールディングス,Industrials,サービス業,信用
2388,ウェッジホールディングス,Financials,その他金融業,信用
2389,オプト,Industrials,サービス業,貸借
2391,プラネット,Industrials,サービス業,信用
2393,日本ケアサプライ,Industrials,サービス業,信用
2395,新日本科学,Industrials,サービス業,貸借
2397,ＤＮＡチップ研究所,Industrials,サービス業,信用
2398,ツクイ,Industrials,サービス業,貸借
2399,綜合臨床ホールディングス,Industrials,サービス業,信用
2400,メッセージ,Industrials,サービス業,貸借
2402,アマナ,Industrials,サービス業,貸借
2404,鉄人化計画,Industrials,サービス業,貸借
2405,フジコー,Industrials,サービス業,貸借
2406,アルテ　サロン　ホールディングス,Industrials,サービス業,信用
2408,ＫＧ情報,Industrials,サービス業,信用
2410,キャリアデザインセンター,Industrials,サービス業,信用
2411,ゲンダイエージェンシー,Communication Services,情報･通信業,貸借
2412,ベネフィット・ワン,Industrials,サービス業,貸借
2413,エムスリー,Industrials,サービス業,貸借
2415,ヒューマンホールディングス,Industrials,サービス業,信用
2417,ツヴァイ,Industrials,サービス業,信用
2418,ツカダ・グローバルホールディング,Industrials,サービス業,貸借
2425,ケアサービス,Industrials,サービス業,信用
2427,アウトソーシング,Industrials,サービス業,貸借
2428,ウェルネット,Industrials,サービス業,信用
2429,ワールドホールディングス,Industrials,サービス業,貸借
2432,ディー・エヌ・エー,Industrials,サービス業,貸借
2433,博報堂ＤＹホールディングス,Industrials,サービス業,貸借
2435,シダー,Industrials,サービス業,貸借
2436,共同ピーアール,Industrials,サービス業,信用
2437,シンワアートオークション,Industrials,サービス業,信用
2438,アスカネット,Industrials,サービス業,信用
2440,ぐるなび,Industrials,サービス業,貸借
2445,エスアールジータカミヤ,Industrials,サービス業,信用
2449,プラップジャパン,Industrials,サービス業,信用
2450,一休,Industrials,サービス業,貸借
2453,ジャパンベストレスキューシステム,Industrials,サービス業,貸借
2454,オールアバウト,Industrials,サービス業,信用
2458,夢テクノロジー,Industrials,サービス業,信用
2459,アウンコンサルティング,Industrials,サービス業,信用
2461,ファンコミュニケーションズ,Industrials,サービス業,貸借
2462,ジェイコムホールディングス,Industrials,サービス業,貸借
2464,ビジネス・ブレークスルー,Industrials,サービス業,信用
2466,ＰＧＭホールディングス,Industrials,サービス業,貸借
2468,フュートレック,Industrials,サービス業,貸借
2469,ヒビノ,Industrials,サービス業,信用
2471,エスプール,Industrials,サービス業,信用
2475,ＷＤＢホールディングス,Industrials,サービス業,信用
2477,比較．ｃｏｍ,Industrials,サービス業,信用
2479,ジェイテック,Industrials,サービス業,信用
2480,システム・ロケーション,Industrials,サービス業,信用
2481,タウンニュース社,Industrials,サービス業,貸借
2483,翻訳センター,Industrials,サービス業,信用
2484,夢の街創造委員会,Communication Services,情報･通信業,貸借
2485,ティア,Industrials,サービス業,貸借
2487,ＣＤＧ,Industrials,サービス業,貸借
2488,日本サード・パーティ,Industrials,サービス業,信用
2489,アドウェイズ,Industrials,サービス業,信用
2491,バリューコマース,Industrials,サービス業,貸借
2492,インフォマート,Industrials,サービス業,信用
2493,イーサポートリンク,Industrials,サービス業,信用
2497,ユナイテッド,Industrials,サービス業,貸借
2498,ＡＣＫグループ,Industrials,サービス業,信用
2499,日本和装ホールディングス,Industrials,サービス業,信用
2501,サッポロホールディングス,Consumer Defensive,食料品,貸借
2502,アサヒグループホールディングス,Consumer Defensive,食料品,貸借
2503,キリンホールディングス,Consumer Defensive,食料品,貸借
2531,宝ホールディングス,Consumer Defensive,食料品,貸借
2533,オエノンホールディングス,Consumer Defensive,食料品,貸借
2538,ジャパン・フード＆リカー・アライアンス,Consumer Defensive,食料品,貸借
2540,養命酒製造,Consumer Defensive,食料品,信用
2573,北海道コカ・コーラボトリング,Consumer Defensive,食料品,信用
2579,コカ・コーラウエスト,Consumer Defensive,食料品,貸借
2580,コカ・コーライーストジャパン,Consumer Defensive,食料品,貸借
2586,フルッタフルッタ,Consumer Defensive,食料品,信用
2587,サントリー食品インターナショナル,Consumer Defensive,食料品,貸借
2588,ウォーターダイレクト,Consumer Defensive,食料品,信用
2590,ダイドードリンコ,Consumer Defensive,食料品,貸借
2593,伊藤園,Consumer Defensive,食料品,貸借
2594,キーコーヒー,Consumer Defensive,食料品,貸借
2597,ユニカフェ,Consumer Defensive,食料品,信用
2599,ジャパンフーズ,Consumer Defensive,食料品,貸借
2602,日清オイリオグループ,Consumer Defensive,食料品,貸借
2607,不二製油,Consumer Defensive,食料品,貸借
2608,ボーソー油脂,Consumer Defensive,食料品,信用
2611,攝津製油,Consumer Defensive,食料品,信用
2612,かどや製油,Consumer Defensive,食料品,信用
2613,Ｊ−オイルミルズ,Consumer Defensive,食料品,貸借
2651,ローソン,Consumer Cyclical,小売業,貸借
2652,まんだらけ,Consumer Cyclical,小売業,信用
2653,イオン九州,Consumer Cyclical,小売業,信用
2654,アスモ,Industrials,卸売業,信用
2655,マックスバリュ東北,Consumer Cyclical,小売業,信用
2656,ベクター,Consumer Cyclical,小売業,信用
2658,ウライ,Industrials,卸売業,信用
2659,サンエー,Consumer Cyclical,小売業,貸借
2662,ダイユーエイト,Consumer Cyclical,小売業,信用
2664,カワチ薬品,Consumer Cyclical,小売業,信用
2666,オートウェーブ,Consumer Cyclical,小売業,信用
2667,イメージ　ワン,Industrials,卸売業,貸借
2668,タビオ,Industrials,卸売業,信用
2669,カネ美食品,Consumer Cyclical,小売業,貸借
2670,エービーシー・マート,Consumer Cyclical,小売業,貸借
2673,夢みつけ隊,Consumer Cyclical,小売業,信用
2674,ハードオフコーポレーション,Consumer Cyclical,小売業,貸借
2675,ダイナック,Consumer Cyclical,小売業,信用
2676,高千穂交易,Industrials,卸売業,貸借
2678,アスクル,Consumer Cyclical,小売業,貸借
2681,ゲオホールディングス,Consumer Cyclical,小売業,貸借
2683,魚喜,Consumer Cyclical,小売業,信用
2685,アダストリアホールディングス,Consumer Cyclical,小売業,貸借
2687,シー・ヴイ・エス・ベイエリア,Consumer Cyclical,小売業,貸借
2689,カワニシホールディングス,Industrials,卸売業,貸借
2692,伊藤忠食品,Industrials,卸売業,信用
2693,ＹＫＴ,Industrials,卸売業,信用
2694,ジー・テイスト,Consumer Cyclical,小売業,貸借
2695,くらコーポレーション,Consumer Cyclical,小売業,貸借
2698,キャンドゥ,Consumer Cyclical,小売業,貸借
2700,木徳神糧,Industrials,卸売業,信用
2702,日本マクドナルドホールディングス,Consumer Cyclical,小売業,貸借
2703,日本ライトン,Industrials,卸売業,貸借
2705,大戸屋ホールディングス,Consumer Cyclical,小売業,貸借
2706,ブロッコリー,Industrials,その他製品,信用
2708,久世,Industrials,卸売業,信用
2710,シーエスロジネット,Industrials,卸売業,信用
2712,スターバックス　コーヒー　ジャパン,Consumer Cyclical,小売業,その他
2714,プラマテルズ,Industrials,卸売業,信用
2715,エレマテック,Industrials,卸売業,貸借
2719,キタムラ,Consumer Cyclical,小売業,貸借
2721,ジェイホールディングス,Industrials,卸売業,信用
2722,アイケイ,Consumer Cyclical,小売業,信用
2726,パル,Consumer Cyclical,小売業,信用
2729,ＪＡＬＵＸ,Industrials,卸売業,貸借
2730,エディオン,Consumer Cyclical,小売業,貸借
2733,あらた,Industrials,卸売業,貸借
2734,サーラコーポレーション,Consumer Cyclical,小売業,貸借
2735,ワッツ,Consumer Cyclical,小売業,信用
2736,サダマツ,Consumer Cyclical,小売業,信用
2737,トーメンデバイス,Industrials,卸売業,信用
2742,ハローズ,Consumer Cyclical,小売業,信用
2743,ハイブリッド・サービス,Industrials,卸売業,貸借
2747,北雄ラッキー,Consumer Cyclical,小売業,信用
2749,ＪＰホールディングス,Industrials,サービス業,貸借
2750,石光商事,Industrials,卸売業,信用
2751,テンポスバスターズ,Industrials,卸売業,貸借
2752,フジオフードシステム,Consumer Cyclical,小売業,信用
2753,あみやき亭,Consumer Cyclical,小売業,信用
2754,東葛ホールディングス,Consumer Cyclical,小売業,信用
2759,アイフラッグ,Industrials,卸売業,貸借
2760,東京エレクトロン　デバイス,Industrials,卸売業,貸借
2761,トシン・グループ,Industrials,卸売業,信用
2762,三光マーケティングフーズ,Consumer Cyclical,小売業,信用
2763,エフティコミュニケーションズ,Industrials,卸売業,貸借
2764,ひらまつ,Consumer Cyclical,小売業,信用
2766,日本風力開発,Utilities,電気･ガス業,信用
2767,フィールズ,Industrials,卸売業,信用
2768,双日,Industrials,卸売業,貸借
2769,ヴィレッジヴァンガードコーポレーション,Consumer Cyclical,小売業,信用
2772,ゲンキー,Consumer Cyclical,小売業,貸借
2773,ミューチュアル,Industrials,卸売業,信用
2776,クリムゾン,Industrials,卸売業,その他
2777,カッシーナ・イクスシー,Industrials,卸売業,信用
2778,パレモ,Consumer Cyclical,小売業,貸借
2780,コメ兵,Consumer Cyclical,小売業,信用
2782,セリア,Consumer Cyclical,小売業,貸借
2784,アルフレッサ　ホールディングス,Industrials,卸売業,貸借
2786,サッポロドラッグストアー,Consumer Cyclical,小売業,貸借
2788,アップルインターナショナル,Industrials,卸売業,信用
2789,カルラ,Consumer Cyclical,小売業,信用
2790,ナフコ,Consumer Cyclical,小売業,信用
2791,大黒天物産,Consumer Cyclical,小売業,信用
2792,ハニーズ,Consumer Cyclical,小売業,貸借
2795,日本プリメックス,Industrials,卸売業,貸借
2796,ファーマライズホールディングス,Consumer Cyclical,小売業,貸借
2798,ワイズテーブルコーポレーション,Consumer Cyclical,小売業,信用
2801,キッコーマン,Consumer Defensive,食料品,貸借
2802,味の素,Consumer Defensive,食料品,貸借
2804,ブルドックソース,Consumer Defensive,食料品,信用
2805,ヱスビー食品,Consumer Defensive,食料品,信用
2806,ユタカフーズ,Consumer Defensive,食料品,信用
2809,キユーピー,Consumer Defensive,食料品,貸借
2810,ハウス食品グループ本社,Consumer Defensive,食料品,貸借
2811,カゴメ,Consumer Defensive,食料品,貸借
2812,焼津水産化学工業,Consumer Defensive,食料品,信用
2813,和弘食品,Consumer Defensive,食料品,信用
2814,佐藤食品工業,Consumer Defensive,食料品,信用
2815,アリアケジャパン,Consumer Defensive,食料品,貸借
2816,ダイショー,Consumer Defensive,食料品,貸借
2817,ギャバン,Consumer Defensive,食料品,信用
2818,ピエトロ,Consumer Defensive,食料品,信用
2819,エバラ食品工業,Consumer Defensive,食料品,信用
2830,アヲハタ,Consumer Defensive,食料品,信用
2831,はごろもフーズ,Consumer Defensive,食料品,信用
2871,ニチレイ,Consumer Defensive,食料品,貸借
2872,セイヒョー,Consumer Defensive,食料品,信用
2874,横浜冷凍,Industrials,卸売業,貸借
2875,東洋水産,Consumer Defensive,食料品,貸借
2876,ジェーシー・コムサ,Consumer Defensive,食料品,信用
2877,日東ベスト,Consumer Defensive,食料品,信用
2882,イートアンド,Consumer Defensive,食料品,信用
2883,大冷,Consumer Defensive,食料品,信用
2892,日本食品化工,Consumer Defensive,食料品,信用
2894,石井食品,Consumer Defensive,食料品,信用
2897,日清食品ホールディングス,Consumer Defensive,食料品,貸借
2899,永谷園,Consumer Defensive,食料品,貸借
2901,石垣食品,Consumer Defensive,食料品,信用
2903,シノブフーズ,Consumer Defensive,食料品,貸借
2904,一正蒲鉾,Consumer Defensive,食料品,信用
2905,オーケー食品工業,Consumer Defensive,食料品,信用
2907,あじかん,Consumer Defensive,食料品,貸借
2908,フジッコ,Consumer Defensive,食料品,貸借
2910,ロック・フィールド,Consumer Defensive,食料品,貸借
2911,旭松食品,Consumer Defensive,食料品,信用
2914,日本たばこ産業,Consumer Defensive,食料品,貸借
2915,ケンコーマヨネーズ,Consumer Defensive,食料品,貸借
2916,仙波糖化工業,Consumer Defensive,食料品,信用
2917,大森屋,Consumer Defensive,食料品,信用
2918,わらべや日洋,Consumer Defensive,食料品,貸借
2922,なとり,Consumer Defensive,食料品,貸借
2923,サトウ食品工業,Consumer Defensive,食料品,信用
2924,イフジ産業,Consumer Defensive,食料品,貸借
2925,ピックルスコーポレーション,Consumer Defensive,食料品,信用
2926,篠崎屋,Consumer Defensive,食料品,貸借
2927,ＡＦＣ−ＨＤアムスライフサイエンス,Consumer Defensive,食料品,信用
2929,ファーマフーズ,Consumer Defensive,食料品,信用
2930,北の達人コーポレーション,Consumer Defensive,食料品,信用
2931,ユーグレナ,Consumer Defensive,食料品,貸借
3001,片倉工業,Consumer Cyclical,繊維製品,貸借
3002,グンゼ,Consumer Cyclical,繊維製品,貸借
3003,ヒューリック,Real Estate,不動産業,貸借
3004,神栄,Industrials,卸売業,貸借
3010,価値開発,Real Estate,不動産業,貸借
3011,バナーズ,Consumer Cyclical,小売業,信用
3020,アプライド,Consumer Cyclical,小売業,信用
3021,パシフィックネット,Consumer Cyclical,小売業,信用
3022,山下医科器械,Industrials,卸売業,貸借
3023,ラサ商事,Industrials,卸売業,貸借
3024,クリエイト,Industrials,卸売業,信用
3027,レデイ薬局,Consumer Cyclical,小売業,信用
3028,アルペン,Consumer Cyclical,小売業,貸借
3030,ハブ,Consumer Cyclical,小売業,信用
3031,ラクーン,Industrials,卸売業,貸借
3034,クオール,Consumer Cyclical,小売業,貸借
3035,ケイティケイ,Industrials,卸売業,信用
3036,アルコニックス,Industrials,卸売業,貸借
3038,神戸物産,Industrials,卸売業,信用
3040,ソリトンシステムズ,Communication Services,情報･通信業,信用
3041,ビューティ花壇,Industrials,卸売業,貸借
3042,セキュアヴェイル,Industrials,卸売業,信用
3043,モジュレ,Industrials,卸売業,信用
3045,カワサキ,Industrials,卸売業,貸借
3046,ジェイアイエヌ,Consumer Cyclical,小売業,貸借
3048,ビックカメラ,Consumer Cyclical,小売業,貸借
3050,ＤＣＭホールディングス,Consumer Cyclical,小売業,貸借
3053,ペッパーフードサービス,Industrials,卸売業,信用
3054,ハイパー,Industrials,卸売業,信用
3058,三洋堂ホールディングス,Consumer Cyclical,小売業,信用
3059,ヒラキ,Consumer Cyclical,小売業,貸借
3063,ジェイグループホールディングス,Consumer Cyclical,小売業,信用
3064,ＭｏｎｏｔａＲＯ,Consumer Cyclical,小売業,貸借
3065,ライフフーズ,Consumer Cyclical,小売業,信用
3067,東京一番フーズ,Consumer Cyclical,小売業,貸借
3068,ＷＤＩ,Consumer Cyclical,小売業,信用
3069,アスラポート・ダイニング,Consumer Cyclical,小売業,信用
3070,アマガサ,Industrials,卸売業,信用
3071,ストリーム,Consumer Cyclical,小売業,信用
3073,ダイヤモンドダイニング,Consumer Cyclical,小売業,信用
3075,銚子丸,Consumer Cyclical,小売業,信用
3076,あい　ホールディングス,Industrials,卸売業,貸借
3077,ホリイフードサービス,Consumer Cyclical,小売業,信用
3079,ディーブイエックス,Industrials,卸売業,貸借
3080,ジェーソン,Consumer Cyclical,小売業,信用
3082,きちり,Consumer Cyclical,小売業,信用
3083,シーズメン,Consumer Cyclical,小売業,信用
3085,アークランドサービス,Consumer Cyclical,小売業,信用
3086,Ｊ．フロント　リテイリング,Consumer Cyclical,小売業,貸借
3087,ドトール・日レスホールディングス,Consumer Cyclical,小売業,貸借
3088,マツモトキヨシホールディングス,Consumer Cyclical,小売業,貸借
3089,テクノアルファ,Industrials,卸売業,貸借
3091,ブロンコビリー,Consumer Cyclical,小売業,信用
3092,スタートトゥデイ,Consumer Cyclical,小売業,貸借
3093,トレジャー・ファクトリー,Consumer Cyclical,小売業,信用
3094,スーパーバリュー,Consumer Cyclical,小売業,信用
3096,オーシャンシステム,Consumer Cyclical,小売業,信用
3097,物語コーポレーション,Consumer Cyclical,小売業,貸借
3098,ココカラファイン,Consumer Cyclical,小売業,貸借
3099,三越伊勢丹ホールディングス,Consumer Cyclical,小売業,貸借
3101,東洋紡,Consumer Cyclical,繊維製品,貸借
3103,ユニチカ,Consumer Cyclical,繊維製品,貸借
3104,富士紡ホールディングス,Consumer Cyclical,繊維製品,貸借
3105,日清紡ホールディングス,Consumer Cyclical,繊維製品,貸借
3106,倉敷紡績,Consumer Cyclical,繊維製品,貸借
3107,ダイワボウホールディングス,Industrials,卸売業,貸借
3109,シキボウ,Consumer Cyclical,繊維製品,貸借
3110,日東紡績,Materials,ガラス･土石製品,貸借
3111,オーミケンシ,Consumer Cyclical,繊維製品,信用
3113,Ｏａｋキャピタル,Financials,証券･商品先物取引業,信用
3116,トヨタ紡織,Consumer Cyclical,輸送用機器,貸借
3121,マーチャント・バンカーズ,Industrials,サービス業,貸借
3123,サイボー,Consumer Cyclical,繊維製品,信用
3125,新内外綿,Consumer Cyclical,繊維製品,信用
3140,イデアインターナショナル,Industrials,卸売業,信用
3141,ウエルシアホールディングス,Consumer Cyclical,小売業,貸借
3143,オーウイル,Industrials,卸売業,信用
3147,リックコーポレーション,Consumer Cyclical,小売業,信用
3148,クリエイトＳＤホールディングス,Consumer Cyclical,小売業,貸借
3150,グリムス,Industrials,卸売業,信用
3151,バイタルケーエスケー・ホールディングス,Industrials,卸売業,貸借
3153,八洲電機,Industrials,卸売業,信用
3154,メディアスホールディングス,Industrials,卸売業,信用
3156,ＵＫＣホールディングス,Industrials,卸売業,貸借
3157,ジューテックホールディングス,Industrials,卸売業,信用
3159,丸善ＣＨＩホールディングス,Consumer Cyclical,小売業,貸借
3160,大光,Industrials,卸売業,信用
3161,アゼアス,Industrials,卸売業,信用
3165,フーマイスターエレクトロニクス,Industrials,卸売業,信用
3166,ＯＣＨＩホールディングス,Industrials,卸売業,信用
3167,ＴＯＫＡＩホールディングス,Industrials,卸売業,貸借
3168,黒谷,Industrials,卸売業,貸借
3169,ミサワ,Consumer Cyclical,小売業,信用
3170,アイセイ薬局,Consumer Cyclical,小売業,信用
3171,マックスバリュ九州,Consumer Cyclical,小売業,信用
3172,ティーライフ,Consumer Cyclical,小売業,信用
3173,大阪工機,Industrials,卸売業,信用
3174,ハピネス・アンド・ディ,Consumer Cyclical,小売業,信用
3175,エー・ピーカンパニー,Consumer Cyclical,小売業,信用
3176,三洋貿易,Industrials,卸売業,貸借
3177,ありがとうサービス,Consumer Cyclical,小売業,信用
3178,チムニー,Consumer Cyclical,小売業,信用
3179,シュッピン,Consumer Cyclical,小売業,信用
3180,ビューティガレージ,Industrials,卸売業,信用
3181,買取王国,Consumer Cyclical,小売業,信用
3182,オイシックス,Consumer Cyclical,小売業,信用
3183,ウイン・パートナーズ,Industrials,卸売業,貸借
3184,ＩＣＤＡホールディングス,Consumer Cyclical,小売業,信用
3185,夢展望,Consumer Cyclical,小売業,信用
3186,ネクステージ,Consumer Cyclical,小売業,信用
3187,サンワカンパニー,Consumer Cyclical,小売業,信用
3189,ＡＮＡＰ,Consumer Cyclical,小売業,信用
3190,ホットマン,Consumer Cyclical,小売業,信用
3191,ジョイフル本田,Consumer Cyclical,小売業,貸借
3192,白鳩,Consumer Cyclical,小売業,信用
3193,鳥貴族,Consumer Cyclical,小売業,信用
3194,キリン堂ホールディングス,Consumer Cyclical,小売業,信用
3195,ジェネレーションパス,Consumer Cyclical,小売業,信用
3196,ホットランド,Consumer Cyclical,小売業,信用
3197,すかいらーく,Consumer Cyclical,小売業,信用
3198,ＳＦＰダイニング,Consumer Cyclical,小売業,信用
3199,綿半ホールディングス,Consumer Cyclical,小売業,信用
3201,日本毛織,Consumer Cyclical,繊維製品,貸借
3202,大東紡織,Consumer Cyclical,繊維製品,信用
3204,トーア紡コーポレーション,Consumer Cyclical,繊維製品,貸借
3205,ダイドーリミテッド,Consumer Cyclical,繊維製品,貸借
3209,カネヨウ,Industrials,卸売業,貸借
3221,ヨシックス,Consumer Cyclical,小売業,信用
3222,ユナイテッド・スーパーマーケット・ホールディングス,Consumer Cyclical,小売業,貸借
3225,東京建物不動産販売,Real Estate,不動産業,貸借
3228,三栄建築設計,Real Estate,不動産業,信用
3230,スター・マイカ,Real Estate,不動産業,貸借
3231,野村不動産ホールディングス,Real Estate,不動産業,貸借
3236,プロパスト,Real Estate,不動産業,信用
3237,イントランス,Real Estate,不動産業,信用
3238,セントラル総合開発,Real Estate,不動産業,信用
3241,ウィル,Real Estate,不動産業,信用
3242,アーバネットコーポレーション,Real Estate,不動産業,貸借
3244,サムティ,Real Estate,不動産業,貸借
3245,ディア・ライフ,Real Estate,不動産業,信用
3246,コーセーアールイー,Real Estate,不動産業,信用
3248,アールエイジ,Real Estate,不動産業,信用
3250,エー・ディー・ワークス,Real Estate,不動産業,貸借
3251,駐車場綜合研究所,Real Estate,不動産業,信用
3252,日本商業開発,Real Estate,不動産業,信用
3254,プレサンスコーポレーション,Real Estate,不動産業,信用
3258,常和ホールディングス,Real Estate,不動産業,貸借
3261,グランディーズ,Real Estate,不動産業,信用
3264,アスコット,Real Estate,不動産業,信用
3266,ファンドクリエーショングループ,Real Estate,不動産業,信用
3271,ＴＨＥグローバル社,Real Estate,不動産業,貸借
3275,ハウスコム,Real Estate,不動産業,信用
3276,日本管理センター,Real Estate,不動産業,貸借
3277,サンセイランディック,Real Estate,不動産業,信用
3280,エストラスト,Real Estate,不動産業,信用
3284,フージャースホールディングス,Real Estate,不動産業,貸借
3286,トラストホールディングス,Real Estate,不動産業,信用
3288,オープンハウス,Real Estate,不動産業,貸借
3289,東急不動産ホールディングス,Real Estate,不動産業,貸借
3291,飯田グループホールディングス,Real Estate,不動産業,貸借
3293,アズマハウス,Real Estate,不動産業,信用
3294,イーグランド,Real Estate,不動産業,信用
3297,東武住販,Real Estate,不動産業,信用
3299,ムゲンエステート,Real Estate,不動産業,貸借
3300,ＡＭＢＩＴＩＯＮ,Real Estate,不動産業,信用
3302,帝国繊維,Consumer Cyclical,繊維製品,信用
3306,日本製麻,Industrials,卸売業,信用
3313,ブックオフコーポレーション,Consumer Cyclical,小売業,貸借
3315,日本コークス工業,Energy,石油･石炭製品,信用
3316,東京日産コンピュータシステム,Industrials,卸売業,信用
3317,フライングガーデン,Consumer Cyclical,小売業,信用
3318,メガネスーパー,Consumer Cyclical,小売業,信用
3319,ゴルフダイジェスト・オンライン,Consumer Cyclical,小売業,信用
3320,クロスプラス,Industrials,卸売業,貸借
3321,ミタチ産業,Industrials,卸売業,貸借
3322,アルファグループ,Industrials,卸売業,信用
3323,レカム,Industrials,卸売業,信用
3325,ケンコーコム,Consumer Cyclical,小売業,信用
3326,ランシステム,Industrials,サービス業,信用
3328,ＢＥＥＮＯＳ,Consumer Cyclical,小売業,信用
3329,東和フードサービス,Consumer Cyclical,小売業,貸借
3331,雑貨屋ブルドッグ,Consumer Cyclical,小売業,信用
3333,あさひ,Consumer Cyclical,小売業,信用
3341,日本調剤,Consumer Cyclical,小売業,信用
3344,ワンダーコーポレーション,Consumer Cyclical,小売業,信用
3347,トラスト,Consumer Cyclical,小売業,貸借
3349,コスモス薬品,Consumer Cyclical,小売業,貸借
3350,レッド・プラネット・ジャパン,Industrials,卸売業,貸借
3352,バッファロー,Consumer Cyclical,小売業,信用
3353,メディカル一光,Consumer Cyclical,小売業,信用
3355,クリヤマホールディングス,Industrials,卸売業,信用
3356,テリロジー,Industrials,卸売業,信用
3358,ワイエスフード,Consumer Cyclical,小売業,信用
3359,タイセイ,Industrials,卸売業,貸借
3360,シップヘルスケアホールディングス,Industrials,卸売業,貸借
3361,トーエル,Consumer Cyclical,小売業,信用
3366,一六堂,Consumer Cyclical,小売業,信用
3370,フジタコーポレーション,Consumer Cyclical,小売業,信用
3371,ソフトクリエイトホールディングス,Communication Services,情報･通信業,貸借
3372,関門海,Consumer Cyclical,小売業,貸借
3374,内外テック,Industrials,卸売業,信用
3375,ＺＯＡ,Consumer Cyclical,小売業,信用
3376,オンリー,Consumer Cyclical,小売業,信用
3377,バイク王＆カンパニー,Industrials,卸売業,貸借
3382,セブン＆アイ・ホールディングス,Consumer Cyclical,小売業,貸借
3385,薬王堂,Consumer Cyclical,小売業,信用
3386,コスモ・バイオ,Industrials,卸売業,信用
3387,クリエイト・レストランツ・ホールディングス,Consumer Cyclical,小売業,貸借
3388,明治電機工業,Industrials,卸売業,信用
3390,ユニバーサルソリューションシステムズ,Industrials,卸売業,信用
3391,ツルハホールディングス,Consumer Cyclical,小売業,貸借
3392,デリカフーズ,Industrials,卸売業,信用
3393,スターティア,Industrials,卸売業,貸借
3394,ネットワークバリューコンポネンツ,Industrials,卸売業,信用
3395,サンマルクホールディングス,Consumer Cyclical,小売業,貸借
3396,フェリシモ,Consumer Cyclical,小売業,信用
3397,トリドール,Consumer Cyclical,小売業,貸借
3398,クスリのアオキ,Consumer Cyclical,小売業,貸借
3399,丸千代山岡家,Consumer Cyclical,小売業,信用
3401,帝人,Consumer Cyclical,繊維製品,貸借
3402,東レ,Consumer Cyclical,繊維製品,貸借
3405,クラレ,Materials,化学,貸借
3407,旭化成,Materials,化学,貸借
3408,サカイオーベックス,Consumer Cyclical,繊維製品,貸借
3409,北日本紡績,Consumer Cyclical,繊維製品,信用
3420,ケー・エフ・シー,Materials,金属製品,信用
3421,稲葉製作所,Materials,金属製品,信用
3423,エスイー,Materials,金属製品,貸借
3424,ミヤコ,Materials,金属製品,信用
3426,アトムリビンテック,Materials,金属製品,信用
3431,宮地エンジニアリンググループ,Materials,金属製品,貸借
3433,トーカロ,Materials,金属製品,信用
3434,アルファ,Materials,金属製品,信用
3435,サンコーテクノ,Materials,金属製品,信用
3436,ＳＵＭＣＯ,Materials,金属製品,貸借
3437,特殊電極,Materials,金属製品,信用
3439,三ツ知,Materials,金属製品,信用
3441,山王,Materials,金属製品,信用
3443,川田テクノロジーズ,Materials,金属製品,貸借
3444,菊池製作所,Materials,金属製品,信用
3452,ビーロット,Real Estate,不動産業,信用
3454,ファーストブラザーズ,Real Estate,不動産業,信用
3501,住江織物,Consumer Cyclical,繊維製品,貸借
3512,日本フエルト,Consumer Cyclical,繊維製品,信用
3513,イチカワ,Consumer Cyclical,繊維製品,信用
3514,日本バイリーン,Consumer Cyclical,繊維製品,貸借
3515,フジコー,Consumer Cyclical,繊維製品,信用
3521,エコナックホールディングス,Real Estate,不動産業,貸借
3524,日東製網,Consumer Cyclical,繊維製品,信用
3526,芦森工業,Consumer Cyclical,繊維製品,貸借
3528,プロスペクト,Real Estate,不動産業,信用
3529,アツギ,Consumer Cyclical,繊維製品,貸借
3551,ダイニック,Consumer Cyclical,繊維製品,信用
3553,共和レザー,Materials,化学,貸借
3569,セーレン,Consumer Cyclical,繊維製品,貸借
3571,ソトー,Consumer Cyclical,繊維製品,貸借
3577,東海染工,Consumer Cyclical,繊維製品,信用
3578,倉庫精練,Consumer Cyclical,繊維製品,信用
3580,小松精練,Consumer Cyclical,繊維製品,貸借
3583,オーベクス,Consumer Cyclical,繊維製品,信用
3587,グローバルアジアホールディングス,Industrials,卸売業,信用
3591,ワコールホールディングス,Consumer Cyclical,繊維製品,貸借
3593,ホギメディカル,Consumer Cyclical,繊維製品,貸借
3597,自重堂,Consumer Cyclical,繊維製品,信用
3598,山喜,Consumer Cyclical,繊維製品,信用
3599,コーコス信岡,Consumer Cyclical,繊維製品,その他
3600,フジックス,Consumer Cyclical,繊維製品,信用
3604,川本産業,Consumer Cyclical,繊維製品,信用
3606,レナウン,Consumer Cyclical,繊維製品,貸借
3607,クラウディア,Consumer Cyclical,繊維製品,信用
3608,ＴＳＩホールディングス,Consumer Cyclical,繊維製品,貸借
3622,ネットイヤーグループ,Communication Services,情報･通信業,信用
3623,ビリングシステム,Communication Services,情報･通信業,信用
3624,アクセルマーク,Communication Services,情報･通信業,信用
3625,テックファーム,Communication Services,情報･通信業,信用
3626,ＩＴホールディングス,Communication Services,情報･通信業,貸借
3627,ネオス,Communication Services,情報･通信業,貸借
3628,データホライゾン,Communication Services,情報･通信業,信用
3630,電算システム,Communication Services,情報･通信業,貸借
3632,グリー,Communication Services,情報･通信業,貸借
3633,ＧＭＯペパボ,Communication Services,情報･通信業,信用
3634,ソケッツ,Communication Services,情報･通信業,信用
3635,コーエーテクモホールディングス,Communication Services,情報･通信業,貸借
3636,三菱総合研究所,Communication Services,情報･通信業,貸借
3639,ボルテージ,Communication Services,情報･通信業,貸借
3640,電算,Communication Services,情報･通信業,貸借
3641,パピレス,Communication Services,情報･通信業,信用
3645,日本メディカルネットコミュニケーションズ,Communication Services,情報･通信業,貸借
3646,駅探,Communication Services,情報･通信業,信用
3647,コネクトホールディングス,Communication Services,情報･通信業,信用
3648,ＡＧＳ,Communication Services,情報･通信業,貸借
3649,ファインデックス,Communication Services,情報･通信業,信用
3652,ディジタルメディアプロフェッショナル,Communication Services,情報･通信業,信用
3653,モルフォ,Communication Services,情報･通信業,信用
3654,ヒト・コミュニケーションズ,Communication Services,情報･通信業,信用
3655,ブレインパッド,Communication Services,情報･通信業,信用
3656,ＫＬａｂ,Communication Services,情報･通信業,信用
3657,ポールトゥウィン・ピットクルーホールディングス,Communication Services,情報･通信業,貸借
3658,イーブックイニシアティブジャパン,Communication Services,情報･通信業,信用
3659,ネクソン,Communication Services,情報･通信業,貸借
3660,アイスタイル,Communication Services,情報･通信業,信用
3661,エムアップ,Communication Services,情報･通信業,信用
3662,エイチーム,Communication Services,情報･通信業,貸借
3663,アートスパークホールディングス,Communication Services,情報･通信業,信用
3664,モブキャスト,Communication Services,情報･通信業,貸借
3665,エニグモ,Communication Services,情報･通信業,信用
3666,テクノスジャパン,Communication Services,情報･通信業,信用
3667,ｅｎｉｓｈ,Communication Services,情報･通信業,貸借
3668,コロプラ,Communication Services,情報･通信業,信用
3669,モバイルクリエイト,Communication Services,情報･通信業,貸借
3670,協立情報通信,Communication Services,情報･通信業,信用
3671,ソフトマックス,Communication Services,情報･通信業,信用
3672,オルトプラス,Communication Services,情報･通信業,信用
3673,ブロードリーフ,Communication Services,情報･通信業,貸借
3674,オークファン,Communication Services,情報･通信業,貸借
3675,クロス・マーケティンググループ,Communication Services,情報･通信業,信用
3676,ハーツユナイテッドグループ,Communication Services,情報･通信業,貸借
3677,システム情報,Communication Services,情報･通信業,信用
3678,メディアドゥ,Communication Services,情報･通信業,信用
3679,じげん,Communication Services,情報･通信業,貸借
3680,ホットリンク,Communication Services,情報･通信業,信用
3681,ブイキューブ,Communication Services,情報･通信業,貸借
3682,エンカレッジ・テクノロジ,Communication Services,情報･通信業,信用
3683,サイバーリンクス,Communication Services,情報･通信業,信用
3685,みんなのウェディング,Communication Services,情報･通信業,貸借
3686,ディー・エル・イー,Communication Services,情報･通信業,貸借
3687,フィックスターズ,Communication Services,情報･通信業,信用
3688,ＶＯＹＡＧＥ　ＧＲＯＵＰ,Communication Services,情報･通信業,貸借
3689,イグニス,Communication Services,情報･通信業,信用
3690,ロックオン,Communication Services,情報･通信業,信用
3691,リアルワールド,Communication Services,情報･通信業,信用
3692,ＦＦＲＩ,Communication Services,情報･通信業,信用
3694,オプティム,Communication Services,情報･通信業,信用
3695,ＧＭＯリサーチ,Communication Services,情報･通信業,信用
3696,セレス,Communication Services,情報･通信業,信用
3697,ＳＨＩＦＴ,Communication Services,情報･通信業,信用
3698,ＣＲＩ・ミドルウェア,Communication Services,情報･通信業,信用
3708,特種東海製紙,Materials,パルプ・紙,貸借
3710,ジョルダン,Communication Services,情報･通信業,貸借
3711,創通,Communication Services,情報･通信業,貸借
3712,情報企画,Communication Services,情報･通信業,貸借
3719,ジェクシード,Communication Services,情報･通信業,信用
3723,日本ファルコム,Communication Services,情報･通信業,信用
3724,ベリサーブ,Communication Services,情報･通信業,貸借
3726,フォーシーズホールディングス,Consumer Cyclical,小売業,信用
3727,アプリックスＩＰホールディングス,Communication Services,情報･通信業,信用
3731,京王ズホールディングス,Communication Services,情報･通信業,信用
3733,ソフトウェア・サービス,Communication Services,情報･通信業,貸借
3734,インテア・ホールディングス,Communication Services,情報･通信業,信用
3738,ティーガイア,Communication Services,情報･通信業,貸借
3741,セック,Communication Services,情報･通信業,貸借
3742,ＩＴｂｏｏｋ,Communication Services,情報･通信業,信用
3744,サイオステクノロジー,Communication Services,情報･通信業,貸借
3747,インタートレード,Communication Services,情報･通信業,貸借
3750,セブンシーズホールディングス,Communication Services,情報･通信業,信用
3751,日本アジアグループ,Communication Services,情報･通信業,貸借
3753,フライトホールディングス,Communication Services,情報･通信業,信用
3754,エキサイト,Communication Services,情報･通信業,信用
3756,豆蔵ホールディングス,Communication Services,情報･通信業,信用
3758,アエリア,Communication Services,情報･通信業,貸借
3760,ケイブ,Communication Services,情報･通信業,信用
3762,テクマトリックス,Communication Services,情報･通信業,貸借
3763,プロシップ,Communication Services,情報･通信業,信用
3765,ガンホー・オンライン・エンターテイメント,Communication Services,情報･通信業,貸借
3766,システムズ・デザイン,Communication Services,情報･通信業,信用
3768,リスクモンスター,Communication Services,情報･通信業,信用
3769,ＧＭＯペイメントゲートウェイ,Communication Services,情報･通信業,貸借
3770,ザッパラス,Communication Services,情報･通信業,信用
3771,システムリサーチ,Communication Services,情報･通信業,信用
3772,ウェルス・マネジメント,Communication Services,情報･通信業,信用
3773,アドバンスト・メディア,Communication Services,情報･通信業,信用
3774,インターネットイニシアティブ,Communication Services,情報･通信業,信用
3776,ブロードバンドタワー,Communication Services,情報･通信業,信用
3777,ジオネクスト,Communication Services,情報･通信業,信用
3778,さくらインターネット,Communication Services,情報･通信業,貸借
3779,ジェイ・エスコムホールディングス,Communication Services,情報･通信業,信用
3782,ディー・ディー・エス,Communication Services,情報･通信業,信用
3784,ヴィンクス,Communication Services,情報･通信業,信用
3785,エイティング,Communication Services,情報･通信業,信用
3787,テクノマセマティカル,Communication Services,情報･通信業,信用
3788,ＧＭＯクラウド,Communication Services,情報･通信業,貸借
3790,日本オフィス・システム,Communication Services,情報･通信業,信用
3791,ＩＧポート,Communication Services,情報･通信業,貸借
3793,ドリコム,Communication Services,情報･通信業,信用
3794,エヌ・デーソフトウェア,Communication Services,情報･通信業,貸借
3796,いい生活,Communication Services,情報･通信業,貸借
3798,ＵＬＳグループ,Communication Services,情報･通信業,信用
3799,キーウェアソリューションズ,Communication Services,情報･通信業,信用
3800,ビーエスピー,Communication Services,情報･通信業,信用
3803,イメージ情報開発,Communication Services,情報･通信業,信用
3804,システム　ディ,Communication Services,情報･通信業,信用
3807,フィスコ,Communication Services,情報･通信業,貸借
3810,サイバーステップ,Communication Services,情報･通信業,信用
3811,ビットアイル,Communication Services,情報･通信業,貸借
3814,アルファクス・フード・システム,Communication Services,情報･通信業,信用
3815,メディア工房,Communication Services,情報･通信業,信用
3816,大和コンピューター,Communication Services,情報･通信業,信用
3817,ＳＲＡホールディングス,Communication Services,情報･通信業,信用
3822,Ｍｉｎｏｒｉソリューションズ,Communication Services,情報･通信業,信用
3823,アクロディア,Communication Services,情報･通信業,信用
3825,リミックスポイント,Communication Services,情報･通信業,信用
3826,システムインテグレータ,Communication Services,情報･通信業,貸借
3827,ジャパンインベスト・グループ・ピー・エル・シー,Communication Services,情報･通信業,その他
3828,ニフティ,Communication Services,情報･通信業,信用
3831,パイプドビッツ,Communication Services,情報･通信業,貸借
3832,Ｔ＆Ｃホールディングス,Communication Services,情報･通信業,信用
3834,朝日ネット,Communication Services,情報･通信業,貸借
3835,ｅＢＡＳＥ,Communication Services,情報･通信業,信用
3836,アバント,Communication Services,情報･通信業,信用
3837,アドソル日進,Communication Services,情報･通信業,貸借
3839,ＯＤＫソリューションズ,Communication Services,情報･通信業,貸借
3840,パス,Communication Services,情報･通信業,信用
3841,ジーダット,Communication Services,情報･通信業,信用
3842,ネクストジェン,Communication Services,情報･通信業,信用
3843,フリービット,Communication Services,情報･通信業,信用
3844,コムチュア,Communication Services,情報･通信業,信用
3845,アイフリークホールディングス,Communication Services,情報･通信業,信用
3847,パシフィックシステム,Communication Services,情報･通信業,信用
3848,データ・アプリケーション,Communication Services,情報･通信業,信用
3850,エヌ・ティ・ティ・データ・イントラマート,Communication Services,情報･通信業,信用
3851,日本一ソフトウェア,Communication Services,情報･通信業,貸借
3852,サイバーコム,Communication Services,情報･通信業,信用
3853,インフォテリア,Communication Services,情報･通信業,貸借
3854,アイル,Communication Services,情報･通信業,信用
3856,リアルコム,Communication Services,情報･通信業,信用
3857,ラック,Communication Services,情報･通信業,信用
3858,ユビキタス,Communication Services,情報･通信業,信用
3861,王子ホールディングス,Materials,パルプ・紙,貸借
3863,日本製紙,Materials,パルプ・紙,貸借
3864,三菱製紙,Materials,パルプ・紙,貸借
3865,北越紀州製紙,Materials,パルプ・紙,貸借
3877,中越パルプ工業,Materials,パルプ・紙,貸借
3878,巴川製紙所,Materials,パルプ・紙,貸借
3880,大王製紙,Materials,パルプ・紙,貸借
3891,ニッポン高度紙工業,Materials,パルプ・紙,貸借
3892,岡山製紙,Materials,パルプ・紙,信用
3895,ハビックス,Materials,パルプ・紙,信用
3896,阿波製紙,Materials,パルプ・紙,信用
3900,クラウドワークス,Communication Services,情報･通信業,信用
3901,マークラインズ,Communication Services,情報･通信業,信用
3902,メディカル・データ・ビジョン,Communication Services,情報･通信業,信用
3903,ｇｕｍｉ,Communication Services,情報･通信業,信用
3904,カヤック,Communication Services,情報･通信業,信用
3905,データセクション,Communication Services,情報･通信業,信用
3906,ＡＬＢＥＲＴ,Communication Services,情報･通信業,信用
3907,シリコンスタジオ,Communication Services,情報･通信業,信用
3941,レンゴー,Materials,パルプ・紙,貸借
3944,古林紙工,Materials,パルプ・紙,貸借
3945,スーパーバッグ,Materials,パルプ・紙,信用
3946,トーモク,Materials,パルプ・紙,貸借
3947,ダイナパック,Materials,パルプ・紙,貸借
3948,光ビジネスフォーム,Materials,パルプ・紙,信用
3950,ザ・パック,Materials,パルプ・紙,貸借
3951,朝日印刷,Materials,パルプ・紙,貸借
3953,大村紙業,Materials,パルプ・紙,信用
3954,昭和パックス,Materials,パルプ・紙,信用
3955,イムラ封筒,Materials,パルプ・紙,信用
3956,国際チャート,Materials,パルプ・紙,信用
4003,コープケミカル,Materials,化学,信用
4004,昭和電工,Materials,化学,貸借
4005,住友化学,Materials,化学,貸借
4007,日本化成,Materials,化学,貸借
4008,住友精化,Materials,化学,貸借
4021,日産化学工業,Materials,化学,貸借
4022,ラサ工業,Materials,化学,貸借
4023,クレハ,Materials,化学,貸借
4025,多木化学,Materials,化学,貸借
4026,神島化学工業,Materials,ガラス･土石製品,信用
4027,テイカ,Materials,化学,貸借
4028,石原産業,Materials,化学,貸借
4031,片倉チッカリン,Materials,化学,貸借
4033,日東エフシー,Materials,化学,貸借
4041,日本曹達,Materials,化学,貸借
4042,東ソー,Materials,化学,貸借
4043,トクヤマ,Materials,化学,貸借
4044,セントラル硝子,Materials,化学,貸借
4045,東亞合成,Materials,化学,貸借
4046,ダイソー,Materials,化学,貸借
4047,関東電化工業,Materials,化学,貸借
4061,電気化学工業,Materials,化学,貸借
4062,イビデン,Technology,電気機器,貸借
4063,信越化学工業,Materials,化学,貸借
4064,日本カーバイド工業,Materials,化学,貸借
4078,堺化学工業,Materials,化学,貸借
4080,田中化学研究所,Materials,化学,信用
4082,第一稀元素化学工業,Materials,化学,貸借
4088,エア・ウォーター,Materials,化学,貸借
4091,大陽日酸,Materials,化学,貸借
4092,日本化学工業,Materials,化学,貸借
4093,東邦アセチレン,Materials,化学,信用
4094,日本化学産業,Materials,化学,信用
4095,日本パーカライジング,Materials,化学,貸借
4097,高圧ガス工業,Materials,化学,貸借
4098,チタン工業,Materials,化学,信用
4099,四国化成工業,Materials,化学,貸借
4100,戸田工業,Materials,化学,貸借
4102,丸尾カルシウム,Materials,化学,貸借
4107,伊勢化学工業,Materials,化学,信用
4109,ステラ　ケミファ,Materials,化学,信用
4112,保土谷化学工業,Materials,化学,貸借
4113,田岡化学工業,Materials,化学,貸借
4114,日本触媒,Materials,化学,貸借
4115,本州化学工業,Materials,化学,信用
4116,大日精化工業,Materials,化学,貸借
4117,川崎化成工業,Materials,化学,貸借
4118,カネカ,Materials,化学,貸借
4119,日本ピグメント,Materials,化学,信用
4120,スガイ化学工業,Materials,化学,貸借
4151,協和発酵キリン,Healthcare,医薬品,貸借
4182,三菱瓦斯化学,Materials,化学,貸借
4183,三井化学,Materials,化学,貸借
4185,ＪＳＲ,Materials,化学,貸借
4186,東京応化工業,Materials,化学,貸借
4187,大阪有機化学工業,Materials,化学,貸借
4188,三菱ケミカルホールディングス,Materials,化学,貸借
4201,日本合成化学工業,Materials,化学,貸借
4202,ダイセル,Materials,化学,貸借
4203,住友ベークライト,Materials,化学,貸借
4204,積水化学工業,Materials,化学,貸借
4205,日本ゼオン,Materials,化学,貸借
4206,アイカ工業,Materials,化学,貸借
4208,宇部興産,Materials,化学,貸借
4212,積水樹脂,Materials,化学,貸借
4215,タキロン,Materials,化学,貸借
4216,旭有機材工業,Materials,化学,貸借
4217,日立化成,Materials,化学,貸借
4218,ニチバン,Materials,化学,貸借
4220,リケンテクノス,Materials,化学,貸借
4221,大倉工業,Materials,化学,貸借
4222,児玉化学工業,Materials,化学,信用
4224,ロンシール工業,Materials,化学,信用
4228,積水化成品工業,Materials,化学,貸借
4229,群栄化学工業,Materials,化学,貸借
4231,タイガースポリマー,Materials,化学,貸借
4234,サンエー化研,Materials,化学,信用
4235,第一化成,Materials,化学,信用
4237,フジプレアム,Materials,化学,貸借
4238,ミライアル,Materials,化学,信用
4239,ポラテクノ,Materials,化学,信用
4240,クラスターテクノロジー,Materials,化学,信用
4241,アテクト,Materials,化学,信用
4242,タカギセイコー,Materials,化学,信用
4243,ニックス,Materials,化学,信用
4245,ダイキアクシス,Materials,化学,貸借
4246,ダイキョーニシカワ,Materials,化学,信用
4248,竹本容器,Materials,化学,信用
4272,日本化薬,Materials,化学,貸借
4274,細谷火工,Materials,化学,信用
4275,カーリットホールディングス,Materials,化学,貸借
4281,デジタル・アドバタイジング・コンソーシアム,Industrials,サービス業,貸借
4282,ＥＰＳホールディングス,Industrials,サービス業,貸借
4283,パナソニック　インフォメーションシステムズ,Communication Services,情報･通信業,貸借
4284,ソルクシーズ,Communication Services,情報･通信業,信用
4286,レッグス,Industrials,サービス業,信用
4287,ジャストプランニング,Communication Services,情報･通信業,信用
4288,アズジェント,Communication Services,情報･通信業,貸借
4290,プレステージ・インターナショナル,Industrials,サービス業,貸借
4291,ＪＩＥＣ,Communication Services,情報･通信業,信用
4293,セプテーニ・ホールディングス,Industrials,サービス業,貸借
4295,フェイス,Communication Services,情報･通信業,信用
4298,プロトコーポレーション,Communication Services,情報･通信業,貸借
4299,ハイマックス,Communication Services,情報･通信業,貸借
4301,アミューズ,Industrials,サービス業,貸借
4304,Ｅストアー,Communication Services,情報･通信業,信用
4307,野村総合研究所,Communication Services,情報･通信業,貸借
4308,Ｊストリーム,Communication Services,情報･通信業,信用
4310,ドリームインキュベータ,Industrials,サービス業,貸借
4312,サイバネットシステム,Communication Services,情報･通信業,貸借
4316,ビーマップ,Communication Services,情報･通信業,信用
4317,レイ,Industrials,サービス業,信用
4318,クイック,Industrials,サービス業,貸借
4319,ＴＡＣ,Industrials,サービス業,信用
4320,ＣＥホールディングス,Communication Services,情報･通信業,信用
4321,ケネディクス,Industrials,サービス業,貸借
4323,日本システム技術,Communication Services,情報･通信業,信用
4324,電通,Industrials,サービス業,貸借
4326,インテージホールディングス,Communication Services,情報･通信業,貸借
4327,日本エス・エイチ・エル,Industrials,サービス業,信用
4331,テイクアンドギヴ・ニーズ,Industrials,サービス業,信用
4333,東邦システムサイエンス,Communication Services,情報･通信業,信用
4334,ユークス,Communication Services,情報･通信業,信用
4335,アイ・ピー・エス,Communication Services,情報･通信業,信用
4336,クリエアナブキ,Industrials,サービス業,信用
4337,ぴあ,Industrials,サービス業,貸借
4341,西菱電機,Industrials,サービス業,信用
4342,セコム上信越,Industrials,サービス業,信用
4343,イオンファンタジー,Industrials,サービス業,信用
4344,ソースネクスト,Communication Services,情報･通信業,信用
4345,シーティーエス,Industrials,サービス業,信用
4346,ネクシィーズ,Industrials,サービス業,貸借
4347,ブロードメディア,Industrials,サービス業,貸借
4348,インフォコム,Communication Services,情報･通信業,貸借
4350,メディカルシステムネットワーク,Consumer Cyclical,小売業,信用
4351,山田債権回収管理総合事務所,Industrials,サービス業,貸借
4355,ロングライフホールディング,Industrials,サービス業,貸借
4356,応用技術,Communication Services,情報･通信業,信用
4358,ティー・ワイ・オー,Communication Services,情報･通信業,貸借
4361,川口化学工業,Materials,化学,信用
4362,日本精化,Materials,化学,貸借
4364,マナック,Materials,化学,信用
4365,松本油脂製薬,Materials,化学,信用
4366,ダイトーケミックス,Materials,化学,貸借
4367,広栄化学工業,Materials,化学,信用
4368,扶桑化学工業,Materials,化学,信用
4369,トリケミカル研究所,Materials,化学,信用
4401,ＡＤＥＫＡ,Materials,化学,貸借
4403,日油,Materials,化学,貸借
4404,ミヨシ油脂,Consumer Defensive,食料品,貸借
4406,新日本理化,Materials,化学,貸借
4409,東邦化学工業,Materials,化学,信用
4410,ハリマ化成グループ,Materials,化学,貸借
4452,花王,Materials,化学,貸借
4461,第一工業製薬,Materials,化学,貸借
4462,石原ケミカル,Materials,化学,貸借
4464,ソフト９９コーポレーション,Materials,化学,貸借
4465,ニイタカ,Materials,化学,信用
4471,三洋化成工業,Materials,化学,貸借
4502,武田薬品工業,Healthcare,医薬品,貸借
4503,アステラス製薬,Healthcare,医薬品,貸借
4506,大日本住友製薬,Healthcare,医薬品,貸借
4507,塩野義製薬,Healthcare,医薬品,貸借
4508,田辺三菱製薬,Healthcare,医薬品,貸借
4512,わかもと製薬,Healthcare,医薬品,貸借
4514,あすか製薬,Healthcare,医薬品,貸借
4516,日本新薬,Healthcare,医薬品,貸借
4517,ビオフェルミン製薬,Healthcare,医薬品,貸借
4519,中外製薬,Healthcare,医薬品,貸借
4521,科研製薬,Healthcare,医薬品,貸借
4523,エーザイ,Healthcare,医薬品,貸借
4524,森下仁丹,Healthcare,医薬品,貸借
4526,理研ビタミン,Consumer Defensive,食料品,信用
4527,ロート製薬,Healthcare,医薬品,貸借
4528,小野薬品工業,Healthcare,医薬品,貸借
4530,久光製薬,Healthcare,医薬品,貸借
4531,有機合成薬品工業,Healthcare,医薬品,貸借
4534,持田製薬,Healthcare,医薬品,貸借
4536,参天製薬,Healthcare,医薬品,貸借
4538,扶桑薬品工業,Healthcare,医薬品,貸借
4539,日本ケミファ,Healthcare,医薬品,信用
4540,ツムラ,Healthcare,医薬品,貸借
4541,日医工,Healthcare,医薬品,貸借
4543,テルモ,Technology,精密機器,貸借
4544,みらかホールディングス,Industrials,サービス業,貸借
4547,キッセイ薬品工業,Healthcare,医薬品,貸借
4548,生化学工業,Healthcare,医薬品,貸借
4549,栄研化学,Healthcare,医薬品,貸借
4550,日水製薬,Healthcare,医薬品,貸借
4551,鳥居薬品,Healthcare,医薬品,貸借
4552,ＪＣＲファーマ,Healthcare,医薬品,貸借
4553,東和薬品,Healthcare,医薬品,貸借
4554,富士製薬工業,Healthcare,医薬品,貸借
4555,沢井製薬,Healthcare,医薬品,貸借
4556,カイノス,Healthcare,医薬品,信用
4557,医学生物学研究所,Healthcare,医薬品,信用
4558,中京医薬品,Healthcare,医薬品,信用
4559,ゼリア新薬工業,Healthcare,医薬品,貸借
4563,アンジェス　ＭＧ,Healthcare,医薬品,信用
4564,オンコセラピー・サイエンス,Healthcare,医薬品,貸借
4565,そーせいグループ,Healthcare,医薬品,信用
4568,第一三共,Healthcare,医薬品,貸借
4569,キョーリン製薬ホールディングス,Healthcare,医薬品,貸借
4570,免疫生物研究所,Healthcare,医薬品,信用
4571,ナノキャリア,Healthcare,医薬品,信用
4572,カルナバイオサイエンス,Healthcare,医薬品,信用
4573,アールテック・ウエノ,Healthcare,医薬品,信用
4574,大幸薬品,Healthcare,医薬品,貸借
4575,キャンバス,Healthcare,医薬品,信用
4576,デ・ウエスタン・セラピテクス研究所,Healthcare,医薬品,信用
4577,ダイト,Healthcare,医薬品,貸借
4578,大塚ホールディングス,Healthcare,医薬品,貸借
4579,ラクオリア創薬,Healthcare,医薬品,信用
4581,大正製薬ホールディングス,Healthcare,医薬品,貸借
4582,シンバイオ製薬,Healthcare,医薬品,信用
4583,カイオム・バイオサイエンス,Healthcare,医薬品,信用
4584,ジーンテクノサイエンス,Healthcare,医薬品,信用
4585,ＵＭＮファーマ,Healthcare,医薬品,信用
4586,メドレックス,Healthcare,医薬品,信用
4587,ペプチドリーム,Healthcare,医薬品,貸借
4588,オンコリスバイオファーマ,Healthcare,医薬品,信用
4589,アキュセラ・インク,Healthcare,医薬品,信用
4591,リボミック,Healthcare,医薬品,信用
4611,大日本塗料,Materials,化学,貸借
4612,日本ペイントホールディングス,Materials,化学,貸借
4613,関西ペイント,Materials,化学,貸借
4615,神東塗料,Materials,化学,信用
4616,川上塗料,Materials,化学,信用
4617,中国塗料,Materials,化学,貸借
4619,日本特殊塗料,Materials,化学,貸借
4620,藤倉化成,Materials,化学,貸借
4621,ロックペイント,Materials,化学,信用
4623,アサヒペン,Materials,化学,貸借
4624,イサム塗料,Materials,化学,貸借
4625,アトミクス,Materials,化学,信用
4626,太陽ホールディングス,Materials,化学,貸借
4627,ナトコ,Materials,化学,信用
4628,エスケー化研,Materials,化学,信用
4629,大伸化学,Materials,化学,信用
4631,ＤＩＣ,Materials,化学,貸借
4633,サカタインクス,Materials,化学,貸借
4634,東洋インキＳＣホールディングス,Materials,化学,貸借
4635,東京インキ,Materials,化学,信用
4636,Ｔ＆Ｋ　ＴＯＫＡ,Materials,化学,貸借
4640,アンドール,Communication Services,情報･通信業,信用
4641,アルプス技研,Industrials,サービス業,貸借
4642,オリジナル設計,Industrials,サービス業,信用
4644,イマジニア,Communication Services,情報･通信業,貸借
4645,市進ホールディングス,Industrials,サービス業,信用
4650,ＳＤエンターテイメント,Industrials,サービス業,信用
4651,サニックス,Industrials,サービス業,貸借
4653,ダイオーズ,Industrials,サービス業,信用
4656,サン・ライフ,Industrials,サービス業,信用
4657,環境管理センター,Industrials,サービス業,信用
4658,日本空調サービス,Industrials,サービス業,貸借
4659,エイジス,Industrials,サービス業,信用
4661,オリエンタルランド,Industrials,サービス業,貸借
4662,フォーカスシステムズ,Communication Services,情報･通信業,信用
4664,アール・エス・シー,Industrials,サービス業,信用
4665,ダスキン,Industrials,サービス業,貸借
4666,パーク２４,Real Estate,不動産業,貸借
4667,アイサンテクノロジー,Communication Services,情報･通信業,信用
4668,明光ネットワークジャパン,Industrials,サービス業,貸借
4669,ニッパンレンタル,Industrials,サービス業,信用
4671,ファルコホールディングス,Industrials,サービス業,貸借
4673,川崎地質,Industrials,サービス業,信用
4674,クレスコ,Communication Services,情報･通信業,貸借
4676,フジ・メディア・ホールディングス,Communication Services,情報･通信業,貸借
4678,秀英予備校,Industrials,サービス業,貸借
4679,田谷,Industrials,サービス業,信用
4680,ラウンドワン,Industrials,サービス業,貸借
4681,リゾートトラスト,Industrials,サービス業,貸借
4684,オービック,Communication Services,情報･通信業,信用
4685,菱友システムズ,Communication Services,情報･通信業,信用
4686,ジャストシステム,Communication Services,情報･通信業,貸借
4687,ＴＤＣソフトウェアエンジニアリング,Communication Services,情報･通信業,信用
4689,ヤフー,Communication Services,情報･通信業,貸借
4690,日本パレットプール,Industrials,サービス業,信用
4694,ビー・エム・エル,Industrials,サービス業,貸借
4695,マイスターエンジニアリング,Industrials,サービス業,信用
4696,ワタベウェディング,Industrials,サービス業,貸借
4699,ウチダエスコ,Industrials,サービス業,信用
4704,トレンドマイクロ,Communication Services,情報･通信業,貸借
4705,クリップコーポレーション,Industrials,サービス業,信用
4707,キタック,Industrials,サービス業,信用
4708,もしもしホットライン,Industrials,サービス業,貸借
4709,インフォメーション・ディベロプメント,Communication Services,情報･通信業,貸借
4712,アドアーズ,Industrials,サービス業,貸借
4714,リソー教育,Industrials,サービス業,信用
4716,日本オラクル,Communication Services,情報･通信業,貸借
4718,早稲田アカデミー,Industrials,サービス業,貸借
4719,アルファシステムズ,Communication Services,情報･通信業,貸借
4720,城南進学研究社,Industrials,サービス業,信用
4722,フューチャーアーキテクト,Communication Services,情報･通信業,貸借
4725,ＣＡＣ　Ｈｏｌｄｉｎｇｓ,Communication Services,情報･通信業,貸借
4726,ソフトバンク・テクノロジー,Communication Services,情報･通信業,貸借
4728,トーセ,Communication Services,情報･通信業,信用
4732,ユー・エス・エス,Industrials,サービス業,貸借
4733,オービックビジネスコンサルタント,Communication Services,情報･通信業,信用
4734,ビーイング,Communication Services,情報･通信業,信用
4735,京進,Industrials,サービス業,信用
4736,日本ラッド,Communication Services,情報･通信業,信用
4739,伊藤忠テクノソリューションズ,Communication Services,情報･通信業,貸借
4743,アイティフォー,Communication Services,情報･通信業,貸借
4744,メッツ,Real Estate,不動産業,信用
4745,東京個別指導学院,Industrials,サービス業,貸借
4746,東計電算,Communication Services,情報･通信業,貸借
4748,構造計画研究所,Communication Services,情報･通信業,信用
4750,ダイサン,Industrials,サービス業,信用
4751,サイバーエージェント,Industrials,サービス業,貸借
4752,昭和システムエンジニアリング,Communication Services,情報･通信業,信用
4754,トスネット,Industrials,サービス業,信用
4755,楽天,Industrials,サービス業,貸借
4760,アルファ,Industrials,サービス業,信用
4761,さくらケーシーエス,Communication Services,情報･通信業,信用
4762,エックスネット,Communication Services,情報･通信業,信用
4763,クリーク・アンド・リバー社,Industrials,サービス業,信用
4764,デジタルデザイン,Communication Services,情報･通信業,信用
4765,モーニングスター,Industrials,サービス業,貸借
4766,ピーエイ,Industrials,サービス業,信用
4767,テー・オー・ダブリュー,Industrials,サービス業,信用
4768,大塚商会,Communication Services,情報･通信業,貸借
4769,インフォメーションクリエーティブ,Communication Services,情報･通信業,信用
4770,図研エルミック,Communication Services,情報･通信業,信用
4771,エフアンドエム,Industrials,サービス業,貸借
4772,デジタルアドベンチャー,Communication Services,情報･通信業,信用
4775,総合メディカル,Consumer Cyclical,小売業,貸借
4776,サイボウズ,Communication Services,情報･通信業,信用
4777,ガーラ,Communication Services,情報･通信業,信用
4779,ソフトブレーン,Communication Services,情報･通信業,貸借
4781,日本ハウズイング,Industrials,サービス業,信用
4783,日本コンピュータ・ダイナミクス,Communication Services,情報･通信業,貸借
4784,ＧＭＯアドパートナーズ,Industrials,サービス業,信用
4792,山田コンサルティンググループ,Industrials,サービス業,貸借
4793,富士通ビー・エス・シー,Communication Services,情報･通信業,信用
4798,エル・シー・エーホールディングス,Industrials,サービス業,その他
4799,アグレックス,Communication Services,情報･通信業,その他
4800,オリコン,Communication Services,情報･通信業,貸借
4801,セントラルスポーツ,Industrials,サービス業,信用
4809,パラカ,Real Estate,不動産業,信用
4812,電通国際情報サービス,Communication Services,情報･通信業,貸借
4813,ＡＣＣＥＳＳ,Communication Services,情報･通信業,信用
4814,ネクストウェア,Communication Services,情報･通信業,貸借
4816,東映アニメーション,Communication Services,情報･通信業,信用
4819,デジタルガレージ,Communication Services,情報･通信業,貸借
4820,イーエムシステムズ,Communication Services,情報･通信業,貸借
4824,メディアシーク,Communication Services,情報･通信業,信用
4825,ウェザーニューズ,Communication Services,情報･通信業,貸借
4826,ＣＩＪ,Communication Services,情報･通信業,貸借
4828,東洋ビジネスエンジニアリング,Communication Services,情報･通信業,信用
4829,日本エンタープライズ,Communication Services,情報･通信業,貸借
4832,ＪＦＥシステムズ,Communication Services,情報･通信業,信用
4833,ぱど,Industrials,サービス業,信用
4837,シダックス,Industrials,サービス業,貸借
4838,スペースシャワーネットワーク,Communication Services,情報･通信業,信用
4839,ＷＯＷＯＷ,Communication Services,情報･通信業,貸借
4840,トライアイズ,Industrials,サービス業,信用
4842,ＵＳＥＮ,Communication Services,情報･通信業,信用
4845,フュージョンパートナー,Communication Services,情報･通信業,信用
4847,インテリジェント　ウェイブ,Communication Services,情報･通信業,貸借
4848,フルキャストホールディングス,Industrials,サービス業,貸借
4849,エン・ジャパン,Industrials,サービス業,信用
4850,ザ・ダウ・ケミカル・カンパニー,Materials,化学,信用
4875,メディシノバ・インク,Healthcare,医薬品,信用
4901,富士フイルムホールディングス,Materials,化学,貸借
4902,コニカミノルタ,Technology,電気機器,貸借
4911,資生堂,Materials,化学,貸借
4912,ライオン,Materials,化学,貸借
4914,高砂香料工業,Materials,化学,貸借
4917,マンダム,Materials,化学,貸借
4918,アイビー化粧品,Materials,化学,信用
4919,ミルボン,Materials,化学,貸借
4920,日本色材工業研究所,Materials,化学,信用
4921,ファンケル,Materials,化学,貸借
4922,コーセー,Materials,化学,貸借
4923,コタ,Materials,化学,信用
4924,ドクターシーラボ,Materials,化学,貸借
4925,ハーバー研究所,Materials,化学,貸借
4926,シーボン,Materials,化学,信用
4927,ポーラ・オルビスホールディングス,Materials,化学,貸借
4928,ノエビアホールディングス,Materials,化学,信用
4929,アジュバンコスメジャパン,Materials,化学,貸借
4951,エステー,Materials,化学,貸借
4952,エス・ディー・エス　バイオテック,Materials,化学,貸借
4955,アグロ　カネショウ,Materials,化学,貸借
4956,コニシ,Materials,化学,貸借
4957,ヤスハラケミカル,Materials,化学,貸借
4958,長谷川香料,Materials,化学,貸借
4960,ケミプロ化成,Materials,化学,貸借
4962,互応化学工業,Materials,化学,信用
4963,星光ＰＭＣ,Materials,化学,貸借
4965,曽田香料,Materials,化学,信用
4966,上村工業,Materials,化学,信用
4967,小林製薬,Materials,化学,貸借
4968,荒川化学工業,Materials,化学,貸借
4970,東洋合成工業,Materials,化学,信用
4971,メック,Materials,化学,貸借
4972,綜研化学,Materials,化学,信用
4973,日本高純度化学,Materials,化学,信用
4974,タカラバイオ,Materials,化学,信用
4975,ＪＣＵ,Materials,化学,信用
4976,東洋ドライルーブ,Materials,化学,信用
4977,新田ゼラチン,Materials,化学,貸借
4978,リプロセル,Materials,化学,信用
4979,ＯＡＴアグリオ,Materials,化学,信用
4985,アース製薬,Materials,化学,貸借
4987,寺岡製作所,Materials,化学,信用
4989,イハラケミカル工業,Materials,化学,貸借
4990,昭和化学工業,Materials,化学,信用
4992,北興化学工業,Materials,化学,貸借
4994,大成ラミック,Materials,化学,貸借
4996,クミアイ化学工業,Materials,化学,貸借
4997,日本農薬,Materials,化学,貸借
4998,フマキラー,Materials,化学,貸借
4999,セメダイン,Materials,化学,信用
5002,昭和シェル石油,Energy,石油･石炭製品,貸借
5007,コスモ石油,Energy,石油･石炭製品,貸借
5008,東亜石油,Energy,石油･石炭製品,貸借
5009,富士興産,Industrials,卸売業,貸借
5010,日本精蝋,Energy,石油･石炭製品,信用
5011,ニチレキ,Energy,石油･石炭製品,貸借
5012,東燃ゼネラル石油,Energy,石油･石炭製品,貸借
5013,ユシロ化学工業,Energy,石油･石炭製品,貸借
5015,ビーピー・カストロール,Energy,石油･石炭製品,信用
5017,富士石油,Energy,石油･石炭製品,貸借
5018,ＭＯＲＥＳＣＯ,Energy,石油･石炭製品,貸借
5019,出光興産,Energy,石油･石炭製品,貸借
5020,ＪＸホールディングス,Energy,石油･石炭製品,貸借
5101,横浜ゴム,Materials,ゴム製品,貸借
5103,昭和ホールディングス,Materials,ゴム製品,信用
5104,日東化工,Materials,ゴム製品,信用
5105,東洋ゴム工業,Materials,ゴム製品,貸借
5108,ブリヂストン,Materials,ゴム製品,貸借
5110,住友ゴム工業,Materials,ゴム製品,貸借
5121,藤倉ゴム工業,Materials,ゴム製品,貸借
5122,オカモト,Materials,ゴム製品,貸借
5142,アキレス,Materials,化学,貸借
5161,西川ゴム工業,Materials,ゴム製品,信用
5162,朝日ラバー,Materials,ゴム製品,信用
5184,ニチリン,Materials,ゴム製品,貸借
5185,フコク,Materials,ゴム製品,貸借
5186,ニッタ,Materials,ゴム製品,貸借
5187,クリエートメディック,Technology,精密機器,信用
5189,櫻護謨,Materials,ゴム製品,信用
5191,住友理工,Materials,ゴム製品,貸借
5192,三ツ星ベルト,Materials,ゴム製品,貸借
5194,相模ゴム工業,Materials,ゴム製品,信用
5195,バンドー化学,Materials,ゴム製品,貸借
5196,鬼怒川ゴム工業,Consumer Cyclical,輸送用機器,貸借
5199,不二ラテックス,Materials,ゴム製品,信用
5201,旭硝子,Materials,ガラス･土石製品,貸借
5202,日本板硝子,Materials,ガラス･土石製品,貸借
5204,石塚硝子,Materials,ガラス･土石製品,貸借
5208,有沢製作所,Materials,化学,貸借
5210,日本山村硝子,Materials,ガラス･土石製品,貸借
5212,不二硝子,Materials,ガラス･土石製品,信用
5214,日本電気硝子,Materials,ガラス･土石製品,貸借
5216,倉元製作所,Materials,ガラス･土石製品,信用
5217,テクノクオーツ,Materials,ガラス･土石製品,信用
5218,オハラ,Materials,ガラス･土石製品,貸借
5232,住友大阪セメント,Materials,ガラス･土石製品,貸借
5233,太平洋セメント,Materials,ガラス･土石製品,貸借
5234,デイ・シイ,Materials,ガラス･土石製品,信用
5237,ノザワ,Materials,ガラス･土石製品,貸借
5261,リゾートソリューション,Industrials,サービス業,信用
5262,日本ヒューム,Materials,ガラス･土石製品,貸借
5268,旭コンクリート工業,Materials,ガラス･土石製品,信用
5269,日本コンクリート工業,Materials,ガラス･土石製品,貸借
5271,トーヨーアサノ,Materials,ガラス･土石製品,信用
5273,三谷セキサン,Materials,ガラス･土石製品,貸借
5277,スパンクリートコーポレーション,Materials,ガラス･土石製品,信用
5279,日本興業,Materials,ガラス･土石製品,信用
5280,ヨシコン,Materials,ガラス･土石製品,信用
5282,ジオスター,Materials,ガラス･土石製品,信用
5283,高見澤,Industrials,卸売業,信用
5284,ヤマウ,Materials,ガラス･土石製品,信用
5285,ヤマックス,Materials,ガラス･土石製品,信用
5287,イトーヨーギョー,Materials,ガラス･土石製品,信用
5288,ジャパンパイル,Materials,ガラス･土石製品,信用
5289,ゼニス羽田ホールディングス,Materials,ガラス･土石製品,信用
5301,東海カーボン,Materials,ガラス･土石製品,貸借
5302,日本カーボン,Materials,ガラス･土石製品,貸借
5304,ＳＥＣカーボン,Materials,ガラス･土石製品,貸借
5310,東洋炭素,Materials,ガラス･土石製品,信用
5331,ノリタケカンパニーリミテド,Materials,ガラス･土石製品,貸借
5332,ＴＯＴＯ,Materials,ガラス･土石製品,貸借
5333,日本碍子,Materials,ガラス･土石製品,貸借
5334,日本特殊陶業,Materials,ガラス･土石製品,貸借
5337,ダントーホールディングス,Materials,ガラス･土石製品,貸借
5341,アサヒ衛陶,Materials,ガラス･土石製品,貸借
5344,ＭＡＲＵＷＡ,Materials,ガラス･土石製品,貸借
5351,品川リフラクトリーズ,Materials,ガラス･土石製品,貸借
5352,黒崎播磨,Materials,ガラス･土石製品,貸借
5355,日本坩堝,Materials,ガラス･土石製品,信用
5357,ヨータイ,Materials,ガラス･土石製品,貸借
5358,イソライト工業,Materials,ガラス･土石製品,貸借
5363,東京窯業,Materials,ガラス･土石製品,貸借
5367,ニッカトー,Materials,ガラス･土石製品,貸借
5380,新東,Materials,ガラス･土石製品,信用
5381,Ｍｉｐｏｘ,Materials,ガラス･土石製品,信用
5384,フジミインコーポレーテッド,Materials,ガラス･土石製品,貸借
5386,鶴弥,Materials,ガラス･土石製品,信用
5387,チヨダウーテ,Materials,ガラス･土石製品,信用
5388,クニミネ工業,Materials,ガラス･土石製品,信用
5389,日本レヂボン,Materials,ガラス･土石製品,その他
5391,エーアンドエーマテリアル,Materials,ガラス･土石製品,貸借
5393,ニチアス,Materials,ガラス･土石製品,貸借
5395,理研コランダム,Materials,ガラス･土石製品,信用
5398,日本研紙,Materials,ガラス･土石製品,貸借
5401,新日鐵住金,Materials,鉄鋼,貸借
5406,神戸製鋼所,Materials,鉄鋼,貸借
5408,中山製鋼所,Materials,鉄鋼,貸借
5410,合同製鐵,Materials,鉄鋼,貸借
5411,ジェイ　エフ　イー　ホールディングス,Materials,鉄鋼,貸借
5412,ポスコ,Materials,鉄鋼,信用
5413,日新製鋼,Materials,鉄鋼,貸借
5423,東京製鐵,Materials,鉄鋼,貸借
5440,共英製鋼,Materials,鉄鋼,貸借
5444,大和工業,Materials,鉄鋼,貸借
5445,東京鐵鋼,Materials,鉄鋼,信用
5446,北越メタル,Materials,鉄鋼,信用
5448,東京鋼鐵,Materials,鉄鋼,信用
5449,大阪製鐵,Materials,鉄鋼,貸借
5451,淀川製鋼所,Materials,鉄鋼,貸借
5453,東洋鋼鈑,Materials,鉄鋼,貸借
5456,朝日工業,Materials,鉄鋼,貸借
5458,高砂鐵工,Materials,鉄鋼,信用
5463,丸一鋼管,Materials,鉄鋼,貸借
5464,モリ工業,Materials,鉄鋼,貸借
5471,大同特殊鋼,Materials,鉄鋼,貸借
5476,日本高周波鋼業,Materials,鉄鋼,貸借
5480,日本冶金工業,Materials,鉄鋼,貸借
5481,山陽特殊製鋼,Materials,鉄鋼,貸借
5482,愛知製鋼,Materials,鉄鋼,貸借
5484,東北特殊鋼,Materials,鉄鋼,信用
5486,日立金属,Materials,鉄鋼,貸借
5491,日本金属,Materials,鉄鋼,貸借
5541,大平洋金属,Materials,鉄鋼,貸借
5542,新報国製鉄,Materials,鉄鋼,信用
5563,新日本電工,Materials,鉄鋼,貸借
5602,栗本鐵工所,Materials,鉄鋼,貸借
5603,虹技,Materials,鉄鋼,貸借
5609,日本鋳造,Materials,鉄鋼,貸借
5610,大和重工,Materials,鉄鋼,信用
5612,日本鋳鉄管,Materials,鉄鋼,信用
5614,川金ホールディングス,Materials,鉄鋼,貸借
5631,日本製鋼所,Industrials,機械,貸借
5632,三菱製鋼,Materials,鉄鋼,貸借
5644,メタルアート,Materials,鉄鋼,信用
5657,鈴木金属工業,Materials,鉄鋼,信用
5658,日亜鋼業,Materials,鉄鋼,貸借
5659,日本精線,Materials,鉄鋼,貸借
5660,神鋼鋼線工業,Materials,鉄鋼,貸借
5695,パウダーテック,Materials,鉄鋼,信用
5697,サンユウ,Materials,鉄鋼,信用
5698,エンビプロ・ホールディングス,Materials,鉄鋼,信用
5702,大紀アルミニウム工業所,Materials,非鉄金属,貸借
5703,日本軽金属ホールディングス,Materials,非鉄金属,貸借
5706,三井金属鉱業,Materials,非鉄金属,貸借
5707,東邦亜鉛,Materials,非鉄金属,貸借
5711,三菱マテリアル,Materials,非鉄金属,貸借
5713,住友金属鉱山,Materials,非鉄金属,貸借
5714,ＤＯＷＡホールディングス,Materials,非鉄金属,貸借
5715,古河機械金属,Materials,非鉄金属,貸借
5721,エス・サイエンス,Materials,非鉄金属,信用
5724,アサカ理研,Materials,非鉄金属,信用
5726,大阪チタニウムテクノロジーズ,Materials,非鉄金属,貸借
5727,東邦チタニウム,Materials,非鉄金属,貸借
5729,日本精鉱,Materials,非鉄金属,信用
5741,ＵＡＣＪ,Materials,非鉄金属,貸借
5742,エヌアイシ・オートテック,Materials,非鉄金属,貸借
5753,日本伸銅,Materials,非鉄金属,信用
5758,ＦＣＭ,Materials,非鉄金属,信用
5781,東邦金属,Materials,非鉄金属,貸借
5801,古河電気工業,Materials,非鉄金属,貸借
5802,住友電気工業,Materials,非鉄金属,貸借
5803,フジクラ,Materials,非鉄金属,貸借
5805,昭和電線ホールディングス,Materials,非鉄金属,貸借
5807,東京特殊電線,Materials,非鉄金属,貸借
5809,タツタ電線,Materials,非鉄金属,貸借
5815,沖電線,Materials,非鉄金属,貸借
5816,オーナンバ,Materials,非鉄金属,貸借
5817,日本電線工業,Materials,非鉄金属,信用
5819,カナレ電気,Materials,非鉄金属,信用
5820,三ッ星,Materials,非鉄金属,信用
5821,平河ヒューテック,Materials,非鉄金属,信用
5851,リョービ,Materials,非鉄金属,貸借
5852,アーレスティ,Materials,非鉄金属,貸借
5856,東理ホールディングス,Materials,非鉄金属,信用
5857,アサヒホールディングス,Materials,非鉄金属,貸借
5900,ダイケン,Materials,金属製品,信用
5901,東洋製罐グループホールディングス,Materials,金属製品,貸借
5902,ホッカンホールディングス,Materials,金属製品,貸借
5903,シンポ,Materials,金属製品,信用
5905,日本製罐,Materials,金属製品,信用
5906,エムケー精工,Materials,金属製品,信用
5907,ＪＦＥコンテイナー,Materials,金属製品,信用
5909,コロナ,Materials,金属製品,信用
5911,横河ブリッジホールディングス,Materials,金属製品,貸借
5912,ＯＳＪＢホールディングス,Industrials,建設業,貸借
5915,駒井ハルテック,Materials,金属製品,貸借
5918,瀧上工業,Materials,金属製品,信用
5921,川岸工業,Materials,金属製品,信用
5922,那須電機鉄工,Materials,金属製品,信用
5923,高田機工,Materials,金属製品,貸借
5928,アルメタックス,Materials,金属製品,貸借
5929,三和ホールディングス,Materials,金属製品,貸借
5930,文化シヤッター,Materials,金属製品,貸借
5932,三協立山,Materials,金属製品,貸借
5933,アルインコ,Materials,金属製品,貸借
5935,元旦ビューティ工業,Materials,金属製品,信用
5936,東洋シヤッター,Materials,金属製品,貸借
5938,ＬＩＸＩＬグループ,Materials,金属製品,貸借
5939,大谷工業,Materials,金属製品,信用
5940,不二サッシ,Materials,金属製品,信用
5941,中西製作所,Materials,金属製品,信用
5942,日本フイルコン,Materials,金属製品,信用
5943,ノーリツ,Materials,金属製品,貸借
5945,天龍製鋸,Materials,金属製品,信用
5946,長府製作所,Materials,金属製品,貸借
5947,リンナイ,Materials,金属製品,貸借
5949,ユニプレス,Consumer Cyclical,輸送用機器,貸借
5950,日本パワーファスニング,Materials,金属製品,貸借
5951,ダイニチ工業,Materials,金属製品,貸借
5952,アマテイ,Materials,金属製品,貸借
5955,ヤマシナ,Materials,金属製品,信用
5956,トーソー,Materials,金属製品,貸借
5957,日東精工,Materials,金属製品,貸借
5958,三洋工業,Materials,金属製品,貸借
5959,岡部,Materials,金属製品,貸借
5962,浅香工業,Industrials,その他製品,信用
5964,東洋刃物,Materials,金属製品,信用
5965,フジマック,Materials,金属製品,信用
5966,京都機械工具,Materials,金属製品,信用
5967,ＴＯＮＥ,Materials,金属製品,貸借
5969,ロブテックス,Materials,金属製品,貸借
5970,ジーテクト,Materials,金属製品,信用
5971,共和工業所,Materials,金属製品,信用
5973,トーアミ,Materials,金属製品,貸借
5974,中国工業,Materials,金属製品,貸借
5975,東プレ,Materials,金属製品,貸借
5976,高周波熱錬,Materials,金属製品,貸借
5981,東京製綱,Materials,金属製品,貸借
5982,マルゼン,Materials,金属製品,信用
5983,イワブチ,Materials,金属製品,信用
5984,兼房,Materials,金属製品,信用
5985,サンコール,Materials,金属製品,貸借
5986,モリテック　スチール,Materials,金属製品,貸借
5987,オーネックス,Materials,金属製品,信用
5988,パイオラックス,Materials,金属製品,信用
5989,エイチワン,Materials,金属製品,貸借
5990,スーパーツール,Materials,金属製品,信用
5991,日本発條,Materials,金属製品,貸借
5992,中央発條,Materials,金属製品,貸借
5994,ファインシンター,Materials,金属製品,信用
5997,協立エアテック,Materials,金属製品,信用
5998,アドバネクス,Materials,金属製品,信用
5999,イハラサイエンス,Materials,金属製品,信用
6005,三浦工業,Industrials,機械,貸借
6013,タクマ,Industrials,機械,貸借
6016,神戸発動機,Consumer Cyclical,輸送用機器,信用
6018,阪神内燃機工業,Consumer Cyclical,輸送用機器,貸借
6022,赤阪鐵工所,Industrials,機械,信用
6023,ダイハツディーゼル,Consumer Cyclical,輸送用機器,貸借
6026,ＧＭＯ　ＴＥＣＨ,Industrials,サービス業,信用
6027,弁護士ドットコム,Industrials,サービス業,信用
6028,テクノプロ・ホールディングス,Industrials,サービス業,信用
6029,アトラ,Industrials,サービス業,信用
6030,アドベンチャー,Industrials,サービス業,信用
6031,サイジニア,Industrials,サービス業,信用
6032,インターワークス,Industrials,サービス業,信用
6033,エクストリーム,Industrials,サービス業,信用
6034,ＭＲＴ,Industrials,サービス業,信用
6035,アイ・アールジャパンホールディングス,Industrials,サービス業,信用
6036,ＫｅｅＰｅｒ技研,Industrials,サービス業,信用
6037,ファーストロジック,Industrials,サービス業,信用
6042,ニッキ,Consumer Cyclical,輸送用機器,信用
6050,イー・ガーディアン,Industrials,サービス業,信用
6053,栄光ホールディングス,Industrials,サービス業,信用
6054,リブセンス,Industrials,サービス業,貸借
6055,ジャパンマテリアル,Industrials,サービス業,信用
6058,ベクトル,Industrials,サービス業,信用
6059,ウチヤマホールディングス,Industrials,サービス業,貸借
6060,こころネット,Industrials,サービス業,信用
6061,ユニバーサル園芸社,Industrials,サービス業,信用
6062,チャーム・ケア・コーポレーション,Industrials,サービス業,信用
6063,日本エマージェンシーアシスタンス,Industrials,サービス業,信用
6064,アクトコール,Industrials,サービス業,信用
6065,サクセスホールディングス,Industrials,サービス業,信用
6067,メディアフラッグ,Industrials,サービス業,貸借
6068,Ｐ＆Ｐホールディングス,Industrials,サービス業,信用
6069,トレンダーズ,Industrials,サービス業,信用
6070,キャリアリンク,Industrials,サービス業,貸借
6071,ＩＢＪ,Industrials,サービス業,信用
6072,地盤ネットホールディングス,Industrials,サービス業,信用
6073,アサンテ,Industrials,サービス業,貸借
6074,ジェイエスエス,Industrials,サービス業,信用
6075,フォトクリエイト,Industrials,サービス業,信用
6077,Ｎ・フィールド,Industrials,サービス業,信用
6078,バリューＨＲ,Industrials,サービス業,信用
6079,エナリス,Industrials,サービス業,信用
6080,Ｍ＆Ａキャピタルパートナーズ,Industrials,サービス業,信用
6081,アライドアーキテクツ,Industrials,サービス業,信用
6082,ライドオン・エクスプレス,Industrials,サービス業,信用
6083,ＥＲＩホールディングス,Industrials,サービス業,貸借
6084,オウチーノ,Industrials,サービス業,信用
6085,アーキテクツ・スタジオ・ジャパン,Industrials,サービス業,信用
6086,シンプロメンテ,Industrials,サービス業,信用
6087,アビスト,Industrials,サービス業,信用
6088,シグマクシス,Industrials,サービス業,貸借
6089,ウィルグループ,Industrials,サービス業,信用
6090,ヒューマン・メタボローム・テクノロジーズ,Industrials,サービス業,信用
6091,ウエスコホールディングス,Industrials,サービス業,貸借
6092,エンバイオ・ホールディングス,Industrials,サービス業,貸借
6093,エスクロー・エージェント・ジャパン,Industrials,サービス業,信用
6094,フリークアウト,Industrials,サービス業,信用
6095,メドピア,Industrials,サービス業,信用
6096,レアジョブ,Industrials,サービス業,信用
6097,日本ビューホテル,Industrials,サービス業,信用
6098,リクルートホールディングス,Industrials,サービス業,貸借
6099,エラン,Industrials,サービス業,信用
6101,ツガミ,Industrials,機械,貸借
6103,オークマ,Industrials,機械,貸借
6104,東芝機械,Industrials,機械,貸借
6112,小島鉄工所,Industrials,機械,信用
6113,アマダ,Industrials,機械,貸借
6118,アイダエンジニアリング,Industrials,機械,貸借
6121,滝澤鉄工所,Industrials,機械,信用
6125,岡本工作機械製作所,Industrials,機械,信用
6131,浜井産業,Industrials,機械,信用
6134,富士機械製造,Industrials,機械,貸借
6135,牧野フライス製作所,Industrials,機械,貸借
6136,オーエスジー,Industrials,機械,貸借
6137,小池酸素工業,Industrials,機械,貸借
6138,ダイジェット工業,Industrials,機械,信用
6140,旭ダイヤモンド工業,Industrials,機械,貸借
6141,ＤＭＧ森精機,Industrials,機械,貸借
6143,ソディック,Industrials,機械,貸借
6144,西部電機,Industrials,機械,信用
6145,日特エンジニアリング,Industrials,機械,貸借
6146,ディスコ,Industrials,機械,貸借
6147,ヤマザキ,Industrials,機械,信用
6149,小田原エンジニアリング,Industrials,機械,信用
6150,タケダ機械,Industrials,機械,信用
6151,日東工器,Industrials,機械,貸借
6155,高松機械工業,Industrials,機械,信用
6156,エーワン精密,Industrials,機械,信用
6157,日進工具,Industrials,機械,信用
6158,和井田製作所,Industrials,機械,信用
6159,ミクロン精密,Industrials,機械,信用
6161,エスティック,Industrials,機械,信用
6163,エイチアンドエフ,Industrials,機械,信用
6164,太陽工機,Industrials,機械,信用
6165,パンチ工業,Industrials,機械,信用
6201,豊田自動織機,Consumer Cyclical,輸送用機器,貸借
6203,豊和工業,Industrials,機械,貸借
6205,大阪機工,Industrials,機械,貸借
6208,石川製作所,Industrials,機械,貸借
6210,東洋機械金属,Industrials,機械,貸借
6217,津田駒工業,Industrials,機械,貸借
6218,エンシュウ,Industrials,機械,貸借
6222,島精機製作所,Industrials,機械,貸借
6240,ヤマシンフィルタ,Industrials,機械,信用
6245,ヒラノテクシード,Industrials,機械,貸借
6246,テクノスマート,Industrials,機械,貸借
6247,日阪製作所,Industrials,機械,貸借
6248,横田製作所,Industrials,機械,信用
6249,ゲームカード・ジョイコホールディングス,Industrials,機械,信用
6250,やまびこ,Industrials,機械,貸借
6254,野村マイクロ・サイエンス,Industrials,機械,信用
6255,エヌ・ピー・シー,Industrials,機械,貸借
6256,ニューフレアテクノロジー,Industrials,機械,信用
6257,藤商事,Industrials,機械,貸借
6258,平田機工,Industrials,機械,貸借
6259,大崎エンジニアリング,Industrials,機械,信用
6262,ペガサスミシン製造,Industrials,機械,信用
6264,マルマエ,Industrials,機械,信用
6265,妙徳,Industrials,機械,信用
6266,タツモ,Industrials,機械,信用
6267,ゼネラルパッカー,Industrials,機械,信用
6268,ナブテスコ,Industrials,機械,貸借
6269,三井海洋開発,Industrials,機械,貸借
6271,ニッセイ,Industrials,機械,貸借
6272,レオン自動機,Industrials,機械,貸借
6273,ＳＭＣ,Industrials,機械,貸借
6274,新川,Industrials,機械,貸借
6276,ナビタス,Industrials,機械,信用
6277,ホソカワミクロン,Industrials,機械,貸借
6278,ユニオンツール,Industrials,機械,貸借
6279,瑞光,Industrials,機械,貸借
6281,前田製作所,Industrials,機械,信用
6282,オイレス工業,Industrials,機械,貸借
6284,日精エー・エス・ビー機械,Industrials,機械,貸借
6286,靜甲,Industrials,機械,信用
6287,サトーホールディングス,Industrials,機械,貸借
6289,技研製作所,Industrials,機械,貸借
6291,日本エアーテック,Industrials,機械,信用
6292,カワタ,Industrials,機械,信用
6293,日精樹脂工業,Industrials,機械,貸借
6294,オカダアイヨン,Industrials,機械,信用
6297,鉱研工業,Industrials,機械,信用
6298,ワイエイシイ,Industrials,機械,貸借
6299,神鋼環境ソリューション,Industrials,機械,貸借
6300,アピックヤマダ,Industrials,機械,信用
6301,小松製作所,Industrials,機械,貸借
6302,住友重機械工業,Industrials,機械,貸借
6303,ササクラ,Industrials,機械,貸借
6305,日立建機,Industrials,機械,貸借
6306,日工,Industrials,機械,貸借
6307,サンセイ,Industrials,機械,信用
6309,巴工業,Industrials,機械,信用
6310,井関農機,Industrials,機械,貸借
6312,フロイント産業,Industrials,機械,信用
6314,石井工作研究所,Industrials,機械,信用
6315,ＴＯＷＡ,Industrials,機械,貸借
6316,丸山製作所,Industrials,機械,貸借
6317,北川鉄工所,Industrials,機械,貸借
6319,シンニッタン,Materials,鉄鋼,信用
6322,タクミナ,Industrials,機械,信用
6323,ローツェ,Industrials,機械,信用
6324,ハーモニック・ドライブ・システムズ,Industrials,機械,貸借
6325,タカキタ,Industrials,機械,信用
6326,クボタ,Industrials,機械,貸借
6327,北川精機,Industrials,機械,信用
6328,荏原実業,Industrials,機械,貸借
6330,東洋エンジニアリング,Industrials,建設業,貸借
6331,三菱化工機,Industrials,機械,貸借
6332,月島機械,Industrials,機械,貸借
6333,帝国電機製作所,Industrials,機械,貸借
6334,明治機械,Industrials,機械,信用
6335,東京機械製作所,Industrials,機械,貸借
6336,石井表記,Industrials,機械,信用
6337,テセック,Industrials,機械,信用
6338,タカトリ,Industrials,機械,貸借
6339,新東工業,Industrials,機械,貸借
6340,澁谷工業,Industrials,機械,貸借
6342,太平製作所,Industrials,機械,信用
6343,フリージア・マクロス,Industrials,機械,貸借
6345,アイチ　コーポレーション,Industrials,機械,貸借
6346,キクカワエンタープライズ,Industrials,機械,信用
6347,プラコー,Industrials,機械,信用
6349,小森コーポレーション,Industrials,機械,貸借
6351,鶴見製作所,Industrials,機械,貸借
6355,住友精密工業,Industrials,機械,貸借
6356,日本ギア工業,Industrials,機械,信用
6357,三精テクノロジーズ,Industrials,機械,貸借
6358,酒井重工業,Industrials,機械,貸借
6360,東京自働機械製作所,Industrials,機械,信用
6361,荏原製作所,Industrials,機械,貸借
6362,石井鐵工所,Industrials,機械,貸借
6363,酉島製作所,Industrials,機械,貸借
6364,北越工業,Industrials,機械,貸借
6365,電業社機械製作所,Industrials,機械,信用
6366,千代田化工建設,Industrials,建設業,貸借
6367,ダイキン工業,Industrials,機械,貸借
6368,オルガノ,Industrials,機械,貸借
6369,トーヨーカネツ,Industrials,機械,貸借
6370,栗田工業,Industrials,機械,貸借
6371,椿本チエイン,Industrials,機械,貸借
6373,大同工業,Industrials,機械,貸借
6375,日本コンベヤ,Industrials,機械,信用
6376,日機装,Technology,精密機器,貸借
6378,木村化工機,Industrials,機械,貸借
6379,新興プランテック,Industrials,建設業,貸借
6380,オリエンタルチエン工業,Industrials,機械,信用
6381,アネスト岩田,Industrials,機械,貸借
6382,トリニティ工業,Industrials,機械,信用
6383,ダイフク,Industrials,機械,貸借
6384,昭和真空,Industrials,機械,信用
6387,サムコ,Industrials,機械,信用
6390,加藤製作所,Industrials,機械,貸借
6391,加地テック,Industrials,機械,貸借
6392,ヤマダコーポレーション,Industrials,機械,信用
6393,油研工業,Industrials,機械,貸借
6395,タダノ,Industrials,機械,貸借
6396,宇野澤組鐵工所,Industrials,機械,信用
6397,郷鉄工所,Industrials,機械,信用
6400,不二精機,Industrials,機械,信用
6402,兼松エンジニアリング,Industrials,機械,信用
6403,水道機工,Industrials,機械,信用
6405,鈴茂器工,Industrials,機械,信用
6406,フジテック,Industrials,機械,貸借
6407,ＣＫＤ,Industrials,機械,貸借
6408,小倉クラッチ,Industrials,機械,信用
6409,キトー,Industrials,機械,貸借
6411,中野冷機,Industrials,機械,信用
6412,平和,Industrials,機械,貸借
6413,理想科学工業,Industrials,機械,貸借
6414,川重冷熱工業,Industrials,機械,信用
6416,桂川電機,Industrials,機械,信用
6417,ＳＡＮＫＹＯ,Industrials,機械,貸借
6418,日本金銭機械,Industrials,機械,貸借
6419,マースエンジニアリング,Industrials,機械,貸借
6420,福島工業,Industrials,機械,信用
6424,高見沢サイバネティックス,Industrials,機械,信用
6425,ユニバーサルエンターテインメント,Industrials,機械,貸借
6428,オーイズミ,Industrials,機械,貸借
6430,ダイコク電機,Industrials,機械,貸借
6432,竹内製作所,Industrials,機械,貸借
6433,ヒーハイスト精工,Industrials,機械,信用
6436,アマノ,Industrials,機械,貸借
6440,ＪＵＫＩ,Industrials,機械,貸借
6444,サンデン,Industrials,機械,貸借
6445,蛇の目ミシン工業,Industrials,機械,貸借
6448,ブラザー工業,Technology,電気機器,貸借
6454,マックス,Industrials,機械,貸借
6455,モリタホールディングス,Consumer Cyclical,輸送用機器,貸借
6457,グローリー,Industrials,機械,貸借
6458,新晃工業,Industrials,機械,貸借
6459,大和冷機工業,Industrials,機械,貸借
6460,セガサミーホールディングス,Industrials,機械,貸借
6461,日本ピストンリング,Industrials,機械,貸借
6462,リケン,Industrials,機械,貸借
6463,ＴＰＲ,Industrials,機械,貸借
6465,ホシザキ電機,Industrials,機械,貸借
6466,東亜バルブエンジニアリング,Industrials,機械,貸借
6467,ニチダイ,Industrials,機械,信用
6469,放電精密加工研究所,Industrials,機械,信用
6470,大豊工業,Industrials,機械,貸借
6471,日本精工,Industrials,機械,貸借
6472,ＮＴＮ,Industrials,機械,貸借
6473,ジェイテクト,Industrials,機械,貸借
6474,不二越,Industrials,機械,貸借
6476,富士テクニカ宮津,Industrials,機械,信用
6478,ダイベア,Industrials,機械,貸借
6479,ミネベア,Technology,電気機器,貸借
6480,日本トムソン,Industrials,機械,貸借
6481,ＴＨＫ,Industrials,機械,貸借
6482,ユーシン精機,Industrials,機械,貸借
6484,ＫＶＫ,Industrials,機械,信用
6485,前澤給装工業,Industrials,機械,貸借
6486,イーグル工業,Industrials,機械,貸借
6487,積水工機製作所,Industrials,機械,信用
6488,ヨシタケ,Industrials,機械,信用
6489,前澤工業,Industrials,機械,貸借
6490,日本ピラー工業,Industrials,機械,貸借
6492,岡野バルブ製造,Industrials,機械,信用
6493,日鍛バルブ,Consumer Cyclical,輸送用機器,信用
6494,ＮＦＫホールディングス,Industrials,機械,信用
6495,宮入バルブ製作所,Industrials,機械,信用
6496,中北製作所,Industrials,機械,貸借
6497,ハマイ,Industrials,機械,信用
6498,キッツ,Industrials,機械,貸借
6501,日立製作所,Technology,電気機器,貸借
6502,東芝,Technology,電気機器,貸借
6503,三菱電機,Technology,電気機器,貸借
6504,富士電機,Technology,電気機器,貸借
6505,東洋電機製造,Technology,電気機器,信用
6506,安川電機,Technology,電気機器,貸借
6507,シンフォニアテクノロジー,Technology,電気機器,貸借
6508,明電舎,Technology,電気機器,貸借
6513,オリジン電気,Technology,電気機器,信用
6516,山洋電気,Technology,電気機器,貸借
6517,デンヨー,Technology,電気機器,貸借
6518,三相電機,Technology,電気機器,信用
6581,日立工機,Industrials,機械,貸借
6584,三櫻工業,Consumer Cyclical,輸送用機器,貸借
6586,マキタ,Industrials,機械,貸借
6588,東芝テック,Technology,電気機器,貸借
6590,芝浦メカトロニクス,Technology,電気機器,貸借
6591,西芝電機,Technology,電気機器,信用
6592,マブチモーター,Technology,電気機器,貸借
6593,ローヤル電機,Technology,電気機器,信用
6594,日本電産,Technology,電気機器,貸借
6616,トレックス・セミコンダクター,Technology,電気機器,信用
6617,東光高岳,Technology,電気機器,貸借
6618,大泉製作所,Technology,電気機器,信用
6619,ダブル・スコープ,Technology,電気機器,信用
6620,宮越ホールディングス,Technology,電気機器,信用
6622,ダイヘン,Technology,電気機器,貸借
6624,田淵電機,Technology,電気機器,貸借
6625,ＪＡＬＣＯホールディングス,Technology,電気機器,信用
6626,ＳＥＭＩＴＥＣ,Technology,電気機器,信用
6627,テラプローブ,Technology,電気機器,信用
6628,オンキヨー,Technology,電気機器,信用
6629,テクノホライゾン・ホールディングス,Technology,電気機器,貸借
6630,ヤーマン,Technology,電気機器,信用
6632,ＪＶＣケンウッド,Technology,電気機器,貸借
6633,Ｃ＆Ｇシステムズ,Technology,電気機器,貸借
6634,ネクス,Technology,電気機器,信用
6635,大日光・エンジニアリング,Technology,電気機器,信用
6636,ＳＯＬ　Ｈｏｌｄｉｎｇｓ,Technology,電気機器,信用
6637,寺崎電気産業,Technology,電気機器,信用
6638,ミマキエンジニアリング,Technology,電気機器,貸借
6639,コンテック,Technology,電気機器,貸借
6640,第一精工,Technology,電気機器,貸借
6641,日新電機,Technology,電気機器,貸借
6643,戸上電機製作所,Technology,電気機器,貸借
6644,大崎電気工業,Technology,電気機器,貸借
6645,オムロン,Technology,電気機器,貸借
6647,森尾電機,Technology,電気機器,信用
6648,かわでん,Technology,電気機器,信用
6651,日東工業,Technology,電気機器,貸借
6652,ＩＤＥＣ,Technology,電気機器,貸借
6654,不二電機工業,Technology,電気機器,貸借
6656,インスペック,Technology,電気機器,信用
6658,シライ電子工業,Technology,電気機器,信用
6659,メディアグローバルリンクス,Technology,電気機器,貸借
6661,オプテックス・エフエー,Technology,電気機器,貸借
6662,ユビテック,Technology,電気機器,信用
6663,太洋工業,Technology,電気機器,信用
6664,オプトエレクトロニクス,Technology,電気機器,貸借
6666,リバーエレテック,Technology,電気機器,信用
6668,アドテック　プラズマ　テクノロジー,Technology,電気機器,信用
6669,シーシーエス,Technology,電気機器,信用
6670,ＭＣＪ,Technology,電気機器,信用
6674,ジーエス・ユアサ　コーポレーション,Technology,電気機器,貸借
6675,サクサホールディングス,Technology,電気機器,貸借
6676,メルコホールディングス,Technology,電気機器,貸借
6677,エスケーエレクトロニクス,Technology,電気機器,信用
6678,テクノメディカ,Technology,電気機器,信用
6701,日本電気,Technology,電気機器,貸借
6702,富士通,Technology,電気機器,貸借
6703,沖電気工業,Technology,電気機器,貸借
6704,岩崎通信機,Technology,電気機器,貸借
6706,電気興業,Technology,電気機器,貸借
6707,サンケン電気,Technology,電気機器,貸借
6709,明星電気,Technology,電気機器,信用
6715,ナカヨ,Technology,電気機器,貸借
6716,テクニカル電子,Technology,電気機器,信用
6718,アイホン,Technology,電気機器,貸借
6719,富士通コンポーネント,Technology,電気機器,信用
6721,ウインテスト,Technology,電気機器,信用
6722,エイアンドティー,Technology,電気機器,信用
6723,ルネサスエレクトロニクス,Technology,電気機器,貸借
6724,セイコーエプソン,Technology,電気機器,貸借
6727,ワコム,Technology,電気機器,貸借
6728,アルバック,Technology,電気機器,貸借
6730,アクセル,Technology,電気機器,貸借
6731,ピクセラ,Technology,電気機器,その他
6734,ニューテック,Technology,電気機器,信用
6736,サン電子,Technology,電気機器,貸借
6737,ＥＩＺＯ,Technology,電気機器,貸借
6740,ジャパンディスプレイ,Technology,電気機器,貸借
6741,日本信号,Technology,電気機器,貸借
6742,京三製作所,Technology,電気機器,貸借
6743,大同信号,Technology,電気機器,信用
6744,能美防災,Technology,電気機器,貸借
6745,ホーチキ,Technology,電気機器,貸借
6747,ＫＩホールディングス,Technology,電気機器,信用
6748,星和電機,Technology,電気機器,貸借
6750,エレコム,Technology,電気機器,貸借
6751,日本無線,Technology,電気機器,貸借
6752,パナソニック,Technology,電気機器,貸借
6753,シャープ,Technology,電気機器,貸借
6754,アンリツ,Technology,電気機器,貸借
6755,富士通ゼネラル,Technology,電気機器,貸借
6756,日立国際電気,Technology,電気機器,貸借
6757,ＯＳＧコーポレーション,Technology,電気機器,信用
6758,ソニー,Technology,電気機器,貸借
6762,ＴＤＫ,Technology,電気機器,貸借
6763,帝国通信工業,Technology,電気機器,貸借
6767,ミツミ電機,Technology,電気機器,貸借
6768,タムラ製作所,Technology,電気機器,貸借
6769,ザインエレクトロニクス,Technology,電気機器,信用
6770,アルプス電気,Technology,電気機器,貸借
6771,池上通信機,Technology,電気機器,貸借
6772,東京コスモス電機,Technology,電気機器,信用
6773,パイオニア,Technology,電気機器,貸借
6775,ＴＢグループ,Technology,電気機器,信用
6776,天昇電気工業,Materials,化学,信用
6777,ｓａｎｔｅｃ,Technology,電気機器,信用
6778,アルチザネットワークス,Technology,電気機器,貸借
6779,日本電波工業,Technology,電気機器,信用
6785,鈴木,Technology,電気機器,信用
6786,リアルビジョン,Technology,電気機器,信用
6787,メイコー,Technology,電気機器,貸借
6788,日本トリム,Technology,電気機器,貸借
6789,ローランド　ディー．ジー．,Technology,電気機器,貸借
6791,日本コロムビア,Communication Services,情報･通信業,貸借
6794,フォスター電機,Technology,電気機器,貸借
6796,クラリオン,Technology,電気機器,貸借
6798,ＳＭＫ,Technology,電気機器,貸借
6800,ヨコオ,Technology,電気機器,貸借
6801,東光,Technology,電気機器,貸借
6803,ティアック,Technology,電気機器,貸借
6804,ホシデン,Technology,電気機器,貸借
6806,ヒロセ電機,Technology,電気機器,貸借
6807,日本航空電子工業,Technology,電気機器,貸借
6809,ＴＯＡ,Technology,電気機器,貸借
6810,日立マクセル,Technology,電気機器,貸借
6814,古野電気,Technology,電気機器,貸借
6815,ユニデン,Technology,電気機器,貸借
6816,アルパイン,Technology,電気機器,貸借
6817,スミダコーポレーション,Technology,電気機器,貸借
6819,ソーシャル・エコロジー・プロジェクト,Industrials,サービス業,信用
6820,アイコム,Technology,電気機器,貸借
6822,大井電気,Technology,電気機器,信用
6823,リオン,Technology,電気機器,貸借
6824,新コスモス電機,Technology,電気機器,信用
6826,本多通信工業,Technology,電気機器,貸借
6832,アオイ電子,Technology,電気機器,信用
6834,精工技研,Technology,電気機器,信用
6835,アライドテレシスホールディングス,Technology,電気機器,信用
6836,ぷらっとホーム,Technology,電気機器,信用
6837,京写,Technology,電気機器,信用
6838,多摩川ホールディングス,Technology,電気機器,信用
6839,船井電機,Technology,電気機器,貸借
6840,アドテック,Technology,電気機器,信用
6841,横河電機,Technology,電気機器,貸借
6844,新電元工業,Technology,電気機器,貸借
6845,アズビル,Technology,電気機器,貸借
6848,東亜ディーケーケー,Technology,電気機器,貸借
6849,日本光電工業,Technology,電気機器,貸借
6850,チノー,Technology,電気機器,貸借
6852,テクノ・セブン,Technology,電気機器,信用
6853,共和電業,Technology,電気機器,信用
6855,日本電子材料,Technology,電気機器,信用
6856,堀場製作所,Technology,電気機器,貸借
6857,アドバンテスト,Technology,電気機器,貸借
6858,小野測器,Technology,電気機器,信用
6859,エスペック,Technology,電気機器,貸借
6860,パナソニック　デバイスＳＵＮＸ,Technology,電気機器,貸借
6861,キーエンス,Technology,電気機器,貸借
6862,ミナトエレクトロニクス,Technology,電気機器,信用
6863,ニレコ,Technology,電気機器,信用
6864,エヌエフ回路設計ブロック,Technology,電気機器,信用
6866,日置電機,Technology,電気機器,信用
6867,リーダー電子,Technology,電気機器,信用
6869,シスメックス,Technology,電気機器,貸借
6870,日本フェンオール,Technology,電気機器,信用
6871,日本マイクロニクス,Technology,電気機器,信用
6874,協立電機,Technology,電気機器,貸借
6875,メガチップス,Technology,電気機器,貸借
6877,ＯＢＡＲＡ　ＧＲＯＵＰ,Technology,電気機器,貸借
6878,長野日本無線,Technology,電気機器,貸借
6879,イマジカ・ロボット　ホールディングス,Communication Services,情報･通信業,貸借
6881,キョウデン,Technology,電気機器,貸借
6882,三社電機製作所,Technology,電気機器,貸借
6888,アクモス,Communication Services,情報･通信業,貸借
6889,オーデリック,Technology,電気機器,信用
6890,フェローテック,Technology,電気機器,信用
6891,イーター電機工業,Technology,電気機器,信用
6894,パルステック工業,Technology,電気機器,信用
6895,ダイヤモンド電機,Technology,電気機器,信用
6897,ツインバード工業,Technology,電気機器,信用
6898,トミタ電機,Technology,電気機器,信用
6899,ＡＳＴＩ,Technology,電気機器,信用
6901,澤藤電機,Technology,電気機器,貸借
6902,デンソー,Consumer Cyclical,輸送用機器,貸借
6904,原田工業,Technology,電気機器,信用
6905,コーセル,Technology,電気機器,貸借
6907,ジオマテック,Technology,電気機器,信用
6908,イリソ電子工業,Technology,電気機器,貸借
6911,新日本無線,Technology,電気機器,貸借
6912,菊水電子工業,Technology,電気機器,信用
6914,オプテックス,Technology,電気機器,貸借
6915,千代田インテグレ,Technology,電気機器,貸借
6916,アイ・オー・データ機器,Technology,電気機器,信用
6918,アバールデータ,Technology,電気機器,信用
6919,ケル,Technology,電気機器,貸借
6920,レーザーテック,Technology,電気機器,信用
6923,スタンレー電気,Technology,電気機器,貸借
6924,岩崎電気,Technology,電気機器,貸借
6925,ウシオ電機,Technology,電気機器,貸借
6926,岡谷電機産業,Technology,電気機器,貸借
6927,ヘリオス　テクノ　ホールディング,Technology,電気機器,信用
6928,エノモト,Technology,電気機器,信用
6929,日本セラミック,Technology,電気機器,貸借
6930,日本アンテナ,Technology,電気機器,信用
6932,遠藤照明,Technology,電気機器,貸借
6935,日本デジタル研究所,Technology,電気機器,貸借
6937,古河電池,Technology,電気機器,信用
6938,双信電機,Technology,電気機器,信用
6941,山一電機,Technology,電気機器,貸借
6942,ソフィアホールディングス,Communication Services,情報･通信業,信用
6943,ＮＫＫスイッチズ,Technology,電気機器,信用
6944,アイレックス,Communication Services,情報･通信業,信用
6945,富士通フロンテック,Technology,電気機器,貸借
6946,日本アビオニクス,Technology,電気機器,信用
6947,図研,Technology,電気機器,貸借
6950,ワイ・イー・データ,Technology,電気機器,信用
6951,日本電子,Technology,電気機器,貸借
6952,カシオ計算機,Technology,電気機器,貸借
6954,ファナック,Technology,電気機器,貸借
6955,ＦＤＫ,Technology,電気機器,信用
6957,芝浦電子,Technology,電気機器,貸借
6958,日本シイエムケイ,Technology,電気機器,貸借
6960,フクダ電子,Technology,電気機器,信用
6961,エンプラス,Technology,電気機器,貸借
6962,大真空,Technology,電気機器,貸借
6963,ローム,Technology,電気機器,貸借
6964,サンコー,Technology,電気機器,信用
6965,浜松ホトニクス,Technology,電気機器,貸借
6966,三井ハイテック,Technology,電気機器,貸借
6967,新光電気工業,Technology,電気機器,貸借
6969,松尾電機,Technology,電気機器,貸借
6971,京セラ,Technology,電気機器,貸借
6972,エルナー,Technology,電気機器,信用
6973,協栄産業,Industrials,卸売業,信用
6974,日本インター,Technology,電気機器,貸借
6976,太陽誘電,Technology,電気機器,貸借
6977,日本抵抗器製作所,Technology,電気機器,信用
6981,村田製作所,Technology,電気機器,貸借
6982,リード,Consumer Cyclical,輸送用機器,信用
6985,ユーシン,Technology,電気機器,貸借
6986,双葉電子工業,Technology,電気機器,貸借
6988,日東電工,Materials,化学,貸借
6989,北陸電気工業,Technology,電気機器,貸借
6992,国産電機,Technology,電気機器,信用
6993,アジアグロースキャピタル,Technology,電気機器,貸借
6994,指月電機製作所,Technology,電気機器,貸借
6995,東海理化電機製作所,Consumer Cyclical,輸送用機器,貸借
6996,ニチコン,Technology,電気機器,貸借
6997,日本ケミコン,Technology,電気機器,貸借
6998,日本タングステン,Technology,電気機器,信用
6999,ＫＯＡ,Technology,電気機器,貸借
7003,三井造船,Consumer Cyclical,輸送用機器,貸借
7004,日立造船,Industrials,機械,貸借
7011,三菱重工業,Industrials,機械,貸借
7012,川崎重工業,Consumer Cyclical,輸送用機器,貸借
7013,ＩＨＩ,Industrials,機械,貸借
7014,名村造船所,Consumer Cyclical,輸送用機器,貸借
7018,内海造船,Consumer Cyclical,輸送用機器,貸借
7021,ニッチツ,Industrials,機械,信用
7022,サノヤスホールディングス,Consumer Cyclical,輸送用機器,貸借
7102,日本車輌製造,Consumer Cyclical,輸送用機器,貸借
7105,ニチユ三菱フォークリフト,Consumer Cyclical,輸送用機器,貸借
7122,近畿車輛,Consumer Cyclical,輸送用機器,貸借
7148,ＦＰＧ,Financials,証券･商品先物取引業,貸借
7150,島根銀行,Financials,銀行業,貸借
7157,ライフネット生命保険,Financials,保険業,信用
7161,じもとホールディングス,Financials,銀行業,貸借
7162,アストマックス,Financials,証券･商品先物取引業,信用
7164,全国保証,Financials,その他金融業,貸借
7167,足利ホールディングス,Financials,銀行業,貸借
7169,ニュートン・フィナンシャル・コンサルティング,Financials,保険業,信用
7172,ジャパンインベストメントアドバイザー,Financials,証券･商品先物取引業,信用
7173,東京ＴＹフィナンシャルグループ,Financials,銀行業,貸借
7175,今村証券,Financials,証券･商品先物取引業,信用
7201,日産自動車,Consumer Cyclical,輸送用機器,貸借
7202,いすゞ自動車,Consumer Cyclical,輸送用機器,貸借
7203,トヨタ自動車,Consumer Cyclical,輸送用機器,貸借
7205,日野自動車,Consumer Cyclical,輸送用機器,貸借
7208,カネミツ,Consumer Cyclical,輸送用機器,信用
7211,三菱自動車工業,Consumer Cyclical,輸送用機器,貸借
7212,エフテック,Consumer Cyclical,輸送用機器,貸借
7213,レシップホールディングス,Consumer Cyclical,輸送用機器,貸借
7214,ＧＭＢ,Consumer Cyclical,輸送用機器,貸借
7215,ファルテック,Consumer Cyclical,輸送用機器,信用
7217,テイン,Consumer Cyclical,輸送用機器,信用
7218,田中精密工業,Consumer Cyclical,輸送用機器,信用
7219,エッチ・ケー・エス,Consumer Cyclical,輸送用機器,信用
7220,武蔵精密工業,Consumer Cyclical,輸送用機器,貸借
7222,日産車体,Consumer Cyclical,輸送用機器,貸借
7224,新明和工業,Consumer Cyclical,輸送用機器,貸借
7226,極東開発工業,Consumer Cyclical,輸送用機器,貸借
7228,デイトナ,Consumer Cyclical,輸送用機器,信用
7229,ユタカ技研,Consumer Cyclical,輸送用機器,信用
7230,日信工業,Consumer Cyclical,輸送用機器,貸借
7231,トピー工業,Consumer Cyclical,輸送用機器,貸借
7235,東京ラヂエーター製造,Consumer Cyclical,輸送用機器,信用
7236,ティラド,Consumer Cyclical,輸送用機器,貸借
7238,曙ブレーキ工業,Consumer Cyclical,輸送用機器,貸借
7239,タチエス,Consumer Cyclical,輸送用機器,貸借
7240,ＮＯＫ,Consumer Cyclical,輸送用機器,貸借
7241,フタバ産業,Consumer Cyclical,輸送用機器,貸借
7242,カヤバ工業,Consumer Cyclical,輸送用機器,貸借
7243,シロキ工業,Consumer Cyclical,輸送用機器,貸借
7244,市光工業,Technology,電気機器,貸借
7245,大同メタル工業,Consumer Cyclical,輸送用機器,貸借
7246,プレス工業,Consumer Cyclical,輸送用機器,貸借
7247,ミクニ,Consumer Cyclical,輸送用機器,信用
7248,カルソニックカンセイ,Consumer Cyclical,輸送用機器,貸借
7250,太平洋工業,Consumer Cyclical,輸送用機器,貸借
7251,ケーヒン,Consumer Cyclical,輸送用機器,貸借
7254,ユニバンス,Consumer Cyclical,輸送用機器,信用
7255,桜井製作所,Consumer Cyclical,輸送用機器,信用
7256,河西工業,Consumer Cyclical,輸送用機器,貸借
7259,アイシン精機,Consumer Cyclical,輸送用機器,貸借
7260,富士機工,Consumer Cyclical,輸送用機器,信用
7261,マツダ,Consumer Cyclical,輸送用機器,貸借
7262,ダイハツ工業,Consumer Cyclical,輸送用機器,貸借
7264,ムロコーポレーション,Consumer Cyclical,輸送用機器,信用
7265,エイケン工業,Consumer Cyclical,輸送用機器,信用
7266,今仙電機製作所,Consumer Cyclical,輸送用機器,貸借
7267,本田技研工業,Consumer Cyclical,輸送用機器,貸借
7268,タツミ,Consumer Cyclical,輸送用機器,信用
7269,スズキ,Consumer Cyclical,輸送用機器,貸借
7270,富士重工業,Consumer Cyclical,輸送用機器,貸借
7271,安永,Consumer Cyclical,輸送用機器,信用
7272,ヤマハ発動機,Consumer Cyclical,輸送用機器,貸借
7273,イクヨ,Consumer Cyclical,輸送用機器,信用
7274,ショーワ,Consumer Cyclical,輸送用機器,貸借
7276,小糸製作所,Technology,電気機器,貸借
7277,ＴＢＫ,Consumer Cyclical,輸送用機器,貸借
7278,エクセディ,Consumer Cyclical,輸送用機器,貸借
7279,ハイレックスコーポレーション,Consumer Cyclical,輸送用機器,貸借
7280,ミツバ,Technology,電気機器,貸借
7282,豊田合成,Consumer Cyclical,輸送用機器,貸借
7283,愛三工業,Consumer Cyclical,輸送用機器,貸借
7284,盟和産業,Consumer Cyclical,輸送用機器,信用
7287,日本精機,Consumer Cyclical,輸送用機器,貸借
7291,日本プラスト,Consumer Cyclical,輸送用機器,貸借
7292,村上開明堂,Consumer Cyclical,輸送用機器,信用
7294,ヨロズ,Consumer Cyclical,輸送用機器,貸借
7296,エフ・シー・シー,Consumer Cyclical,輸送用機器,貸借
7297,カーメイト,Consumer Cyclical,輸送用機器,信用
7298,八千代工業,Consumer Cyclical,輸送用機器,貸借
7299,フジオーゼックス,Consumer Cyclical,輸送用機器,信用
7305,新家工業,Materials,鉄鋼,貸借
7309,シマノ,Consumer Cyclical,輸送用機器,貸借
7312,タカタ,Consumer Cyclical,輸送用機器,貸借
7313,テイ・エス　テック,Consumer Cyclical,輸送用機器,貸借
7314,小田原機器,Consumer Cyclical,輸送用機器,信用
7315,ＩＪＴテクノロジーホールディングス,Consumer Cyclical,輸送用機器,信用
7399,ナンシン,Consumer Cyclical,輸送用機器,信用
7404,昭和飛行機工業,Consumer Cyclical,輸送用機器,貸借
7408,ジャムコ,Consumer Cyclical,輸送用機器,信用
7412,アトム,Consumer Cyclical,小売業,貸借
7413,創健社,Industrials,卸売業,信用
7414,小野建,Industrials,卸売業,貸借
7415,新星堂,Consumer Cyclical,小売業,信用
7416,はるやま商事,Consumer Cyclical,小売業,貸借
7419,ノジマ,Consumer Cyclical,小売業,貸借
7420,佐鳥電機,Industrials,卸売業,貸借
7421,カッパ・クリエイトホールディングス,Consumer Cyclical,小売業,信用
7422,東邦レマック,Industrials,卸売業,信用
7425,初穂商事,Industrials,卸売業,信用
7426,山大,Industrials,卸売業,信用
7427,エコートレーディング,Industrials,卸売業,貸借
7430,サンワドー,Consumer Cyclical,小売業,信用
7432,ダルトン,Industrials,卸売業,信用
7433,伯東,Industrials,卸売業,貸借
7434,オータケ,Industrials,卸売業,信用
7435,ナ・デックス,Industrials,卸売業,信用
7438,コンドーテック,Industrials,卸売業,貸借
7442,中山福,Industrials,卸売業,貸借
7443,横浜魚類,Industrials,卸売業,貸借
7444,ハリマ共和物産,Industrials,卸売業,信用
7445,ライトオン,Consumer Cyclical,小売業,貸借
7446,東北化学薬品,Industrials,卸売業,信用
7447,ナガイレーベン,Industrials,卸売業,貸借
7448,ジーンズメイト,Consumer Cyclical,小売業,信用
7450,サンデー,Consumer Cyclical,小売業,信用
7451,三菱食品,Industrials,卸売業,貸借
7452,マツヤ,Consumer Cyclical,小売業,信用
7453,良品計画,Consumer Cyclical,小売業,貸借
7455,三城ホールディングス,Consumer Cyclical,小売業,貸借
7456,松田産業,Industrials,卸売業,信用
7458,第一興商,Industrials,卸売業,貸借
7459,メディパルホールディングス,Industrials,卸売業,貸借
7460,ヤギ,Industrials,卸売業,信用
7461,キムラ,Industrials,卸売業,信用
7462,ダイヤ通商,Consumer Cyclical,小売業,信用
7463,アドヴァン,Industrials,卸売業,貸借
7464,セフテック,Industrials,卸売業,信用
7465,マックスバリュ北海道,Consumer Cyclical,小売業,信用
7466,ＳＰＫ,Industrials,卸売業,信用
7467,萩原電気,Industrials,卸売業,信用
7472,鳥羽洋行,Industrials,卸売業,信用
7475,アルビス,Consumer Cyclical,小売業,貸借
7476,アズワン,Industrials,卸売業,貸借
7477,ムラキ,Industrials,卸売業,信用
7480,スズデン,Industrials,卸売業,貸借
7481,尾家産業,Industrials,卸売業,信用
7482,シモジマ,Industrials,卸売業,貸借
7483,ドウシシャ,Industrials,卸売業,貸借
7486,サンリン,Industrials,卸売業,信用
7487,小津産業,Industrials,卸売業,貸借
7490,日新商事,Industrials,卸売業,信用
7494,コナカ,Consumer Cyclical,小売業,貸借
7500,西川計測,Industrials,卸売業,信用
7501,ティムコ,Industrials,卸売業,信用
7502,プラザクリエイト,Industrials,サービス業,信用
7504,高速,Industrials,卸売業,貸借
7505,扶桑電通,Industrials,卸売業,信用
7506,ハウス　オブ　ローゼ,Consumer Cyclical,小売業,貸借
7508,Ｇ‐７ホールディングス,Consumer Cyclical,小売業,貸借
7509,アイエーグループ,Consumer Cyclical,小売業,信用
7510,たけびし,Industrials,卸売業,貸借
7512,イオン北海道,Consumer Cyclical,小売業,貸借
7513,コジマ,Consumer Cyclical,小売業,貸借
7514,ヒマラヤ,Consumer Cyclical,小売業,信用
7515,マルヨシセンター,Consumer Cyclical,小売業,信用
7516,コーナン商事,Consumer Cyclical,小売業,貸借
7517,黒田電気,Industrials,卸売業,貸借
7518,ネットワンシステムズ,Communication Services,情報･通信業,貸借
7519,五洋インテックス,Industrials,卸売業,信用
7520,エコス,Consumer Cyclical,小売業,信用
7521,ムサシ,Industrials,卸売業,信用
7522,ワタミ,Consumer Cyclical,小売業,貸借
7523,アールビバン,Consumer Cyclical,小売業,貸借
7524,マルシェ,Consumer Cyclical,小売業,貸借
7525,リックス,Industrials,卸売業,信用
7527,システムソフト,Communication Services,情報･通信業,信用
7531,清和中央ホールディングス,Industrials,卸売業,信用
7532,ドンキホーテホールディングス,Consumer Cyclical,小売業,貸借
7537,丸文,Industrials,卸売業,貸借
7538,大水,Industrials,卸売業,貸借
7539,アイナボホールディングス,Industrials,卸売業,信用
7544,スリーエフ,Consumer Cyclical,小売業,貸借
7545,西松屋チェーン,Consumer Cyclical,小売業,貸借
7550,ゼンショーホールディングス,Consumer Cyclical,小売業,貸借
7551,ウェッズ,Industrials,卸売業,貸借
7552,ハピネット,Industrials,卸売業,貸借
7554,幸楽苑,Consumer Cyclical,小売業,貸借
7555,大田花き,Industrials,卸売業,信用
7559,ジーエフシー,Industrials,卸売業,信用
7561,ハークスレイ,Consumer Cyclical,小売業,貸借
7562,安楽亭,Consumer Cyclical,小売業,信用
7564,ワークマン,Consumer Cyclical,小売業,信用
7565,萬世電機,Industrials,卸売業,信用
7567,栄電子,Industrials,卸売業,信用
7570,橋本総業,Industrials,卸売業,信用
7571,ヤマノホールディングス,Consumer Cyclical,小売業,信用
7575,日本ライフライン,Industrials,卸売業,信用
7577,パスポート,Consumer Cyclical,小売業,信用
7578,ニチリョク,Consumer Cyclical,小売業,信用
7581,サイゼリヤ,Consumer Cyclical,小売業,貸借
7585,かんなん丸,Consumer Cyclical,小売業,信用
7587,ＰＡＬＴＥＫ,Industrials,卸売業,信用
7590,タカショー,Industrials,卸売業,信用
7591,エクセル,Industrials,卸売業,信用
7593,ＶＴホールディングス,Consumer Cyclical,小売業,貸借
7594,マルカキカイ,Industrials,卸売業,信用
7595,アルゴグラフィックス,Communication Services,情報･通信業,信用
7596,魚力,Consumer Cyclical,小売業,信用
7597,東京貴宝,Industrials,卸売業,信用
7598,ナイスクラップ,Consumer Cyclical,小売業,信用
7599,ガリバーインターナショナル,Industrials,卸売業,貸借
7600,日本エム・ディ・エム,Industrials,卸売業,信用
7601,ポプラ,Consumer Cyclical,小売業,貸借
7602,カーチスホールディングス,Industrials,卸売業,信用
7603,マックハウス,Consumer Cyclical,小売業,貸借
7604,梅の花,Consumer Cyclical,小売業,信用
7605,フジ・コーポレーション,Consumer Cyclical,小売業,信用
7606,ユナイテッドアローズ,Consumer Cyclical,小売業,貸借
7607,進和,Industrials,卸売業,信用
7608,エスケイジャパン,Industrials,卸売業,貸借
7609,ダイトエレクトロン,Industrials,卸売業,貸借
7610,テイツー,Consumer Cyclical,小売業,貸借
7611,ハイデイ日高,Consumer Cyclical,小売業,貸借
7612,コモンウェルス・エンターテインメント,Industrials,卸売業,信用
7613,シークス,Industrials,卸売業,貸借
7614,オーエムツーネットワーク,Consumer Cyclical,小売業,信用
7615,京都きもの友禅,Consumer Cyclical,小売業,貸借
7616,コロワイド,Consumer Cyclical,小売業,貸借
7618,ピーシーデポコーポレーション,Consumer Cyclical,小売業,貸借
7619,田中商事,Industrials,卸売業,貸借
7621,うかい,Consumer Cyclical,小売業,信用
7623,サンオータス,Consumer Cyclical,小売業,信用
7624,ＮａＩＴＯ,Industrials,卸売業,信用
7625,グローバルダイニング,Consumer Cyclical,小売業,貸借
7628,オーハシテクニカ,Industrials,卸売業,貸借
7630,壱番屋,Consumer Cyclical,小売業,貸借
7631,マクニカ,Industrials,卸売業,貸借
7634,星医療酸器,Industrials,卸売業,信用
7635,杉田エース,Industrials,卸売業,信用
7636,ハンズマン,Consumer Cyclical,小売業,信用
7637,白銅,Industrials,卸売業,貸借
7638,シーマ,Consumer Cyclical,小売業,信用
7640,トップカルチャー,Consumer Cyclical,小売業,貸借
7643,ダイイチ,Consumer Cyclical,小売業,信用
7646,ＰＬＡＮＴ,Consumer Cyclical,小売業,信用
7647,音通,Consumer Cyclical,小売業,貸借
7649,スギホールディングス,Consumer Cyclical,小売業,貸借
7701,島津製作所,Technology,精密機器,貸借
7702,ＪＭＳ,Technology,精密機器,貸借
7703,川澄化学工業,Technology,精密機器,信用
7705,ジーエルサイエンス,Technology,精密機器,貸借
7707,プレシジョン・システム・サイエンス,Technology,精密機器,貸借
7708,石山Ｇａｔｅｗａｙ　Ｈｏｌｄｉｎｇｓ,Technology,精密機器,信用
7709,クボテック,Technology,精密機器,貸借
7711,助川電気工業,Technology,精密機器,信用
7713,シグマ光機,Technology,精密機器,信用
7714,ショットモリテックス,Technology,精密機器,信用
7715,長野計器,Technology,精密機器,貸借
7716,ナカニシ,Technology,精密機器,信用
7717,ブイ・テクノロジー,Technology,精密機器,貸借
7718,スター精密,Technology,電気機器,貸借
7719,東京衡機,Technology,精密機器,信用
7721,東京計器,Technology,精密機器,貸借
7722,国際計測器,Technology,精密機器,信用
7723,愛知時計電機,Technology,精密機器,貸借
7725,インターアクション,Technology,精密機器,貸借
7726,黒田精工,Industrials,機械,貸借
7727,オーバル,Technology,精密機器,貸借
7729,東京精密,Technology,精密機器,貸借
7730,マニー,Technology,精密機器,貸借
7731,ニコン,Technology,精密機器,貸借
7732,トプコン,Technology,精密機器,貸借
7733,オリンパス,Technology,精密機器,貸借
7734,理研計器,Technology,精密機器,貸借
7735,ＳＣＲＥＥＮホールディングス,Technology,電気機器,貸借
7739,キヤノン電子,Technology,電気機器,貸借
7740,タムロン,Technology,精密機器,貸借
7741,ＨＯＹＡ,Technology,精密機器,貸借
7743,シード,Technology,精密機器,信用
7744,ノーリツ鋼機,Technology,精密機器,貸借
7745,エー・アンド・デイ,Technology,精密機器,貸借
7746,岡本硝子,Technology,精密機器,貸借
7747,朝日インテック,Technology,精密機器,貸借
7748,ホロン,Technology,精密機器,信用
7749,メディキット,Technology,精密機器,信用
7751,キヤノン,Technology,電気機器,貸借
7752,リコー,Technology,電気機器,貸借
7758,セコニックホールディングス,Industrials,機械,信用
7760,ＩＭＶ,Technology,精密機器,信用
7762,シチズンホールディングス,Technology,精密機器,貸借
7768,ジェコー,Technology,精密機器,信用
7769,リズム時計工業,Technology,精密機器,貸借
7771,日本精密,Technology,精密機器,信用
7774,ジャパン・ティッシュ・エンジニアリング,Technology,精密機器,信用
7775,大研医器,Technology,精密機器,信用
7776,セルシード,Technology,精密機器,信用
7777,スリー・ディー・マトリックス,Technology,精密機器,信用
7779,ＣＹＢＥＲＤＹＮＥ,Technology,精密機器,信用
7814,日本創発グループ,Industrials,その他製品,信用
7815,東京ボード工業,Industrials,その他製品,信用
7816,スノーピーク,Industrials,その他製品,信用
7817,パラマウントベッドホールディングス,Industrials,その他製品,貸借
7818,トランザクション,Industrials,その他製品,信用
7819,ＳＨＯ−ＢＩ,Industrials,その他製品,貸借
7820,ニホンフラッシュ,Industrials,その他製品,信用
7821,前田工繊,Industrials,その他製品,貸借
7822,永大産業,Industrials,その他製品,貸借
7823,アートネイチャー,Industrials,その他製品,貸借
7825,ダンロップスポーツ,Industrials,その他製品,貸借
7826,フルヤ金属,Industrials,その他製品,信用
7827,オービス,Industrials,その他製品,信用
7829,サマンサタバサジャパンリミテッド,Industrials,その他製品,信用
7831,ウイルコホールディングス,Industrials,その他製品,信用
7832,バンダイナムコホールディングス,Industrials,その他製品,貸借
7833,アイフィスジャパン,Industrials,その他製品,貸借
7834,マルマン,Industrials,その他製品,信用
7835,ウィズ,Industrials,その他製品,信用
7836,アビックス,Industrials,その他製品,信用
7837,アールシーコア,Industrials,その他製品,貸借
7838,共立印刷,Industrials,その他製品,貸借
7839,ＳＨＯＥＩ,Industrials,その他製品,信用
7840,フランスベッドホールディングス,Industrials,その他製品,貸借
7841,遠藤製作所,Industrials,その他製品,信用
7844,マーベラス,Communication Services,情報･通信業,貸借
7846,パイロットコーポレーション,Industrials,その他製品,貸借
7847,グラファイトデザイン,Industrials,その他製品,信用
7849,スターツ出版,Communication Services,情報･通信業,信用
7850,総合商研,Industrials,その他製品,信用
7851,カワセコンピュータサプライ,Industrials,その他製品,信用
7853,アジェット,Industrials,その他製品,信用
7855,カーディナル,Industrials,その他製品,信用
7856,萩原工業,Industrials,その他製品,貸借
7857,セキ,Industrials,その他製品,信用
7858,小野産業,Materials,化学,信用
7859,アルメディオ,Industrials,その他製品,貸借
7860,エイベックス・グループ・ホールディングス,Communication Services,情報･通信業,貸借
7862,トッパン・フォームズ,Industrials,その他製品,貸借
7863,平賀,Industrials,その他製品,信用
7864,フジシールインターナショナル,Industrials,その他製品,貸借
7865,ピープル,Industrials,その他製品,信用
7867,タカラトミー,Industrials,その他製品,貸借
7868,廣済堂,Industrials,その他製品,貸借
7869,日本フォームサービス,Industrials,その他製品,信用
7871,フクビ化学工業,Materials,化学,信用
7872,Ａｓ−ｍｅエステール,Industrials,その他製品,信用
7873,アーク,Industrials,その他製品,貸借
7874,レック,Materials,化学,信用
7877,永大化工,Materials,化学,信用
7878,光彩工芸,Industrials,その他製品,信用
7879,ノダ,Industrials,その他製品,貸借
7883,サンメッセ,Industrials,その他製品,信用
7885,タカノ,Industrials,その他製品,貸借
7886,ヤマト・インダストリー,Materials,化学,信用
7887,南海プライウッド,Industrials,その他製品,信用
7888,三光合成,Materials,化学,信用
7889,桑山,Industrials,その他製品,信用
7891,日本ユピカ,Materials,化学,信用
7893,プロネクサス,Industrials,その他製品,信用
7895,中央化学,Materials,化学,信用
7896,セブン工業,Industrials,その他製品,信用
7897,ホクシン,Industrials,その他製品,貸借
7898,ウッドワン,Industrials,その他製品,貸借
7899,ＭＩＣＳ化学,Materials,化学,信用
7901,マツモト,Industrials,その他製品,信用
7902,ソノコム,Industrials,その他製品,信用
7905,大建工業,Industrials,その他製品,貸借
7906,ヨネックス,Industrials,その他製品,信用
7908,きもと,Materials,化学,信用
7911,凸版印刷,Industrials,その他製品,貸借
7912,大日本印刷,Industrials,その他製品,貸借
7913,図書印刷,Industrials,その他製品,貸借
7914,共同印刷,Industrials,その他製品,貸借
7915,日本写真印刷,Industrials,その他製品,貸借
7916,光村印刷,Industrials,その他製品,貸借
7917,藤森工業,Materials,化学,貸借
7918,ヴィア・ホールディングス,Consumer Cyclical,小売業,信用
7919,野崎印刷紙業,Industrials,その他製品,貸借
7920,三浦印刷,Industrials,その他製品,信用
7921,宝印刷,Industrials,その他製品,貸借
7922,三光産業,Industrials,その他製品,信用
7923,トーイン,Industrials,その他製品,信用
7925,前澤化成工業,Materials,化学,貸借
7927,ムトー精工,Materials,化学,信用
7928,旭化学工業,Materials,化学,信用
7932,ニッピ,Industrials,その他製品,信用
7936,アシックス,Industrials,その他製品,貸借
7937,ツツミ,Industrials,その他製品,信用
7938,リーガルコーポレーション,Industrials,その他製品,信用
7939,研創,Industrials,その他製品,信用
7942,ＪＳＰ,Materials,化学,貸借
7943,ニチハ,Materials,ガラス･土石製品,貸借
7946,光陽社,Industrials,その他製品,信用
7947,エフピコ,Materials,化学,貸借
7949,小松ウオール工業,Industrials,その他製品,貸借
7951,ヤマハ,Industrials,その他製品,貸借
7952,河合楽器製作所,Industrials,その他製品,貸借
7953,菊水化学工業,Industrials,その他製品,信用
7955,クリナップ,Industrials,その他製品,貸借
7956,ピジョン,Industrials,その他製品,貸借
7957,フジコピアン,Industrials,その他製品,信用
7958,天馬,Materials,化学,貸借
7961,兼松日産農林,Industrials,その他製品,貸借
7962,キングジム,Industrials,その他製品,貸借
7963,興研,Industrials,その他製品,信用
7965,象印マホービン,Technology,電気機器,貸借
7966,リンテック,Industrials,その他製品,貸借
7968,ＴＡＳＡＫＩ,Industrials,その他製品,貸借
7970,信越ポリマー,Materials,化学,貸借
7971,東リ,Materials,化学,貸借
7972,イトーキ,Industrials,その他製品,貸借
7974,任天堂,Industrials,その他製品,貸借
7975,リヒトラブ,Industrials,その他製品,貸借
7976,三菱鉛筆,Industrials,その他製品,貸借
7979,松風,Technology,精密機器,貸借
7980,重松製作所,Industrials,その他製品,信用
7981,タカラスタンダード,Industrials,その他製品,貸借
7983,ミロク,Industrials,その他製品,貸借
7984,コクヨ,Industrials,その他製品,貸借
7985,ネポン,Materials,金属製品,信用
7986,日本アイ・エス・ケイ,Industrials,その他製品,信用
7987,ナカバヤシ,Industrials,その他製品,貸借
7988,ニフコ,Materials,化学,貸借
7989,立川ブラインド工業,Materials,金属製品,貸借
7990,グローブライド,Industrials,その他製品,貸借
7991,マミヤ・オーピー,Industrials,機械,信用
7992,セーラー万年筆,Industrials,その他製品,信用
7994,岡村製作所,Industrials,その他製品,貸借
7995,日本バルカー工業,Materials,化学,貸借
7997,くろがね工作所,Industrials,その他製品,信用
7999,ＭＵＴＯＨホールディングス,Technology,電気機器,貸借
8001,伊藤忠商事,Industrials,卸売業,貸借
8002,丸紅,Industrials,卸売業,貸借
8005,スクロール,Consumer Cyclical,小売業,貸借
8006,ユアサ・フナショク,Industrials,卸売業,貸借
8007,高島,Industrials,卸売業,貸借
8008,ヨンドシーホールディングス,Consumer Cyclical,小売業,貸借
8011,三陽商会,Consumer Cyclical,繊維製品,貸借
8012,長瀬産業,Industrials,卸売業,貸借
8013,ナイガイ,Consumer Cyclical,繊維製品,貸借
8014,蝶理,Industrials,卸売業,貸借
8015,豊田通商,Industrials,卸売業,貸借
8016,オンワードホールディングス,Consumer Cyclical,繊維製品,貸借
8018,三共生興,Industrials,卸売業,貸借
8020,兼松,Industrials,卸売業,貸借
8022,美津濃,Industrials,その他製品,貸借
8023,大興電子通信,Industrials,卸売業,信用
8025,ツカモトコーポレーション,Industrials,卸売業,信用
8028,ファミリーマート,Consumer Cyclical,小売業,貸借
8029,ルック,Consumer Cyclical,繊維製品,貸借
8030,中央魚類,Industrials,卸売業,貸借
8031,三井物産,Industrials,卸売業,貸借
8032,日本紙パルプ商事,Industrials,卸売業,貸借
8035,東京エレクトロン,Technology,電気機器,貸借
8036,日立ハイテクノロジーズ,Industrials,卸売業,貸借
8037,カメイ,Industrials,卸売業,貸借
8038,東都水産,Industrials,卸売業,貸借
8039,築地魚市場,Industrials,卸売業,貸借
8040,東京ソワール,Consumer Cyclical,繊維製品,信用
8041,ＯＵＧホールディングス,Industrials,卸売業,貸借
8043,スターゼン,Industrials,卸売業,貸借
8044,大都魚類,Industrials,卸売業,信用
8045,横浜丸魚,Industrials,卸売業,信用
8046,丸藤シートパイル,Industrials,卸売業,貸借
8050,セイコーホールディングス,Technology,精密機器,貸借
8051,山善,Industrials,卸売業,貸借
8052,椿本興業,Industrials,卸売業,貸借
8053,住友商事,Industrials,卸売業,貸借
8056,日本ユニシス,Communication Services,情報･通信業,貸借
8057,内田洋行,Industrials,卸売業,貸借
8058,三菱商事,Industrials,卸売業,貸借
8059,第一実業,Industrials,卸売業,貸借
8060,キヤノンマーケティングジャパン,Industrials,卸売業,貸借
8061,西華産業,Industrials,卸売業,貸借
8065,佐藤商事,Industrials,卸売業,信用
8066,三谷商事,Industrials,卸売業,貸借
8068,菱洋エレクトロ,Industrials,卸売業,貸借
8070,東京産業,Industrials,卸売業,貸借
8072,日本出版貿易,Industrials,卸売業,信用
8073,ＭＡＧねっとホールディングス,Financials,その他金融業,信用
8074,ユアサ商事,Industrials,卸売業,貸借
8075,神鋼商事,Industrials,卸売業,貸借
8077,小林産業,Industrials,卸売業,貸借
8078,阪和興業,Industrials,卸売業,貸借
8079,正栄食品工業,Industrials,卸売業,貸借
8081,カナデン,Industrials,卸売業,信用
8084,菱電商事,Industrials,卸売業,貸借
8085,ナラサキ産業,Industrials,卸売業,信用
8086,ニプロ,Technology,精密機器,貸借
8087,フルサト工業,Industrials,卸売業,貸借
8088,岩谷産業,Industrials,卸売業,貸借
8089,すてきナイスグループ,Industrials,卸売業,貸借
8090,昭光通商,Industrials,卸売業,貸借
8091,ニチモウ,Industrials,卸売業,貸借
8093,極東貿易,Industrials,卸売業,貸借
8095,イワキ,Industrials,卸売業,貸借
8096,兼松エレクトロニクス,Communication Services,情報･通信業,貸借
8097,三愛石油,Industrials,卸売業,貸借
8098,稲畑産業,Industrials,卸売業,貸借
8101,ＧＳＩクレオス,Industrials,卸売業,貸借
8103,明和産業,Industrials,卸売業,貸借
8105,堀田丸正,Industrials,卸売業,信用
8107,キムラタン,Consumer Cyclical,繊維製品,貸借
8111,ゴールドウイン,Consumer Cyclical,繊維製品,貸借
8113,ユニ・チャーム,Materials,化学,貸借
8114,デサント,Consumer Cyclical,繊維製品,貸借
8115,ムーンバット,Industrials,卸売業,貸借
8117,中央自動車工業,Industrials,卸売業,貸借
8118,キング,Consumer Cyclical,繊維製品,貸借
8119,三栄コーポレーション,Industrials,卸売業,信用
8120,大木,Industrials,卸売業,信用
8123,川辺,Industrials,卸売業,信用
8125,ワキタ,Industrials,卸売業,貸借
8127,ヤマトインターナショナル,Consumer Cyclical,繊維製品,貸借
8129,東邦ホールディングス,Industrials,卸売業,貸借
8130,サンゲツ,Industrials,卸売業,貸借
8131,ミツウロコグループホールディングス,Industrials,卸売業,貸借
8132,シナネン,Industrials,卸売業,貸借
8133,伊藤忠エネクス,Industrials,卸売業,貸借
8135,ゼット,Industrials,卸売業,信用
8136,サンリオ,Industrials,卸売業,貸借
8137,サンワテクノス,Industrials,卸売業,貸借
8138,三京化成,Industrials,卸売業,貸借
8139,ナガホリ,Industrials,卸売業,貸借
8140,リョーサン,Industrials,卸売業,貸借
8141,新光商事,Industrials,卸売業,貸借
8142,トーホー,Industrials,卸売業,貸借
8143,ラピーヌ,Consumer Cyclical,繊維製品,信用
8144,電響社,Industrials,卸売業,貸借
8147,トミタ,Industrials,卸売業,信用
8148,上原成商事,Industrials,卸売業,貸借
8150,三信電気,Industrials,卸売業,貸借
8151,東陽テクニカ,Industrials,卸売業,貸借
8152,ソマール,Industrials,卸売業,信用
8153,モスフードサービス,Industrials,卸売業,貸借
8154,加賀電子,Industrials,卸売業,信用
8155,三益半導体工業,Materials,金属製品,貸借
8157,都築電気,Industrials,卸売業,信用
8158,ソーダニッカ,Industrials,卸売業,貸借
8159,立花エレテック,Industrials,卸売業,貸借
8160,木曽路,Consumer Cyclical,小売業,貸借
8163,サトレストランシステムズ,Consumer Cyclical,小売業,貸借
8165,千趣会,Consumer Cyclical,小売業,貸借
8166,タカキュー,Consumer Cyclical,小売業,貸借
8167,丸久,Consumer Cyclical,小売業,貸借
8168,ケーヨー,Consumer Cyclical,小売業,貸借
8170,アデランス,Industrials,その他製品,貸借
8173,上新電機,Consumer Cyclical,小売業,貸借
8174,日本瓦斯,Consumer Cyclical,小売業,貸借
8175,ベスト電器,Consumer Cyclical,小売業,貸借
8179,ロイヤルホールディングス,Consumer Cyclical,小売業,貸借
8181,東天紅,Consumer Cyclical,小売業,信用
8182,いなげや,Consumer Cyclical,小売業,信用
8184,島忠,Consumer Cyclical,小売業,貸借
8185,チヨダ,Consumer Cyclical,小売業,貸借
8186,大塚家具,Consumer Cyclical,小売業,貸借
8191,光製作所,Industrials,卸売業,信用
8194,ライフコーポレーション,Consumer Cyclical,小売業,信用
8198,マックスバリュ東海,Consumer Cyclical,小売業,信用
8200,リンガーハット,Consumer Cyclical,小売業,貸借
8201,さが美,Consumer Cyclical,小売業,信用
8202,ラオックス,Consumer Cyclical,小売業,貸借
8203,ＭｒＭａｘ,Consumer Cyclical,小売業,貸借
8205,シャクリー・グローバル・グループ,Industrials,卸売業,信用
8207,テンアライド,Consumer Cyclical,小売業,信用
8208,エンチョー,Consumer Cyclical,小売業,信用
8209,フレンドリー,Consumer Cyclical,小売業,貸借
8214,ＡＯＫＩホールディングス,Consumer Cyclical,小売業,貸借
8215,銀座山形屋,Consumer Cyclical,小売業,信用
8217,オークワ,Consumer Cyclical,小売業,貸借
8218,コメリ,Consumer Cyclical,小売業,貸借
8219,青山商事,Consumer Cyclical,小売業,貸借
8225,タカチホ,Industrials,卸売業,信用
8226,理経,Industrials,卸売業,信用
8227,しまむら,Consumer Cyclical,小売業,貸借
8229,ＣＦＳコーポレーション,Consumer Cyclical,小売業,貸借
8230,はせがわ,Consumer Cyclical,小売業,貸借
8233,高島屋,Consumer Cyclical,小売業,貸借
8237,松屋,Consumer Cyclical,小売業,貸借
8242,エイチ・ツー・オー　リテイリング,Consumer Cyclical,小売業,貸借
8244,近鉄百貨店,Consumer Cyclical,小売業,貸借
8245,丸栄,Consumer Cyclical,小売業,貸借
8247,大和,Consumer Cyclical,小売業,信用
8248,ニッセンホールディングス,Consumer Cyclical,小売業,貸借
8249,テクノアソシエ,Industrials,卸売業,貸借
8251,パルコ,Consumer Cyclical,小売業,貸借
8252,丸井グループ,Consumer Cyclical,小売業,貸借
8253,クレディセゾン,Financials,その他金融業,貸借
8254,さいか屋,Consumer Cyclical,小売業,貸借
8255,アクシアル　リテイリング,Consumer Cyclical,小売業,貸借
8256,プロルート丸光,Industrials,卸売業,信用
8257,山陽百貨店,Consumer Cyclical,小売業,信用
8260,井筒屋,Consumer Cyclical,小売業,貸借
8267,イオン,Consumer Cyclical,小売業,貸借
8270,ユニーグループ・ホールディングス,Consumer Cyclical,小売業,貸借
8273,イズミ,Consumer Cyclical,小売業,貸借
8274,東武ストア,Consumer Cyclical,小売業,貸借
8275,フォーバル,Industrials,卸売業,信用
8276,平和堂,Consumer Cyclical,小売業,貸借
8278,フジ,Consumer Cyclical,小売業,貸借
8279,ヤオコー,Consumer Cyclical,小売業,貸借
8281,ゼビオ,Consumer Cyclical,小売業,貸借
8282,ケーズホールディングス,Consumer Cyclical,小売業,貸借
8283,Ｐａｌｔａｃ,Industrials,卸売業,貸借
8285,三谷産業,Industrials,卸売業,貸借
8287,マックスバリュ西日本,Consumer Cyclical,小売業,信用
8289,Ｏｌｙｍｐｉｃグループ,Consumer Cyclical,小売業,貸借
8291,日産東京販売ホールディングス,Consumer Cyclical,小売業,貸借
8298,ファミリー,Consumer Cyclical,小売業,信用
8301,日本銀行,Financials,銀行業,その他
8303,新生銀行,Financials,銀行業,貸借
8304,あおぞら銀行,Financials,銀行業,貸借
8306,三菱ＵＦＪフィナンシャル・グループ,Financials,銀行業,貸借
8308,りそなホールディングス,Financials,銀行業,貸借
8309,三井住友トラスト・ホールディングス,Financials,銀行業,貸借
8316,三井住友フィナンシャルグループ,Financials,銀行業,貸借
8324,第四銀行,Financials,銀行業,貸借
8325,北越銀行,Financials,銀行業,貸借
8327,西日本シティ銀行,Financials,銀行業,貸借
8331,千葉銀行,Financials,銀行業,貸借
8332,横浜銀行,Financials,銀行業,貸借
8333,常陽銀行,Financials,銀行業,貸借
8334,群馬銀行,Financials,銀行業,貸借
8336,武蔵野銀行,Financials,銀行業,貸借
8337,千葉興業銀行,Financials,銀行業,貸借
8338,筑波銀行,Financials,銀行業,貸借
8341,七十七銀行,Financials,銀行業,貸借
8342,青森銀行,Financials,銀行業,貸借
8343,秋田銀行,Financials,銀行業,貸借
8344,山形銀行,Financials,銀行業,貸借
8345,岩手銀行,Financials,銀行業,貸借
8346,東邦銀行,Financials,銀行業,貸借
8349,東北銀行,Financials,銀行業,貸借
8350,みちのく銀行,Financials,銀行業,貸借
8354,ふくおかフィナンシャルグループ,Financials,銀行業,貸借
8355,静岡銀行,Financials,銀行業,貸借
8356,十六銀行,Financials,銀行業,貸借
8358,スルガ銀行,Financials,銀行業,貸借
8359,八十二銀行,Financials,銀行業,貸借
8360,山梨中央銀行,Financials,銀行業,貸借
8361,大垣共立銀行,Financials,銀行業,貸借
8362,福井銀行,Financials,銀行業,貸借
8363,北國銀行,Financials,銀行業,貸借
8364,清水銀行,Financials,銀行業,貸借
8365,富山銀行,Financials,銀行業,信用
8366,滋賀銀行,Financials,銀行業,貸借
8367,南都銀行,Financials,銀行業,貸借
8368,百五銀行,Financials,銀行業,貸借
8369,京都銀行,Financials,銀行業,貸借
8370,紀陽銀行,Financials,銀行業,貸借
8374,三重銀行,Financials,銀行業,貸借
8377,ほくほくフィナンシャルグループ,Financials,銀行業,貸借
8379,広島銀行,Financials,銀行業,貸借
8381,山陰合同銀行,Financials,銀行業,貸借
8382,中国銀行,Financials,銀行業,貸借
8383,鳥取銀行,Financials,銀行業,貸借
8385,伊予銀行,Financials,銀行業,貸借
8386,百十四銀行,Financials,銀行業,貸借
8387,四国銀行,Financials,銀行業,貸借
8388,阿波銀行,Financials,銀行業,貸借
8390,鹿児島銀行,Financials,銀行業,貸借
8392,大分銀行,Financials,銀行業,貸借
8393,宮崎銀行,Financials,銀行業,貸借
8394,肥後銀行,Financials,銀行業,貸借
8395,佐賀銀行,Financials,銀行業,貸借
8396,十八銀行,Financials,銀行業,貸借
8397,沖縄銀行,Financials,銀行業,貸借
8399,琉球銀行,Financials,銀行業,貸借
8410,セブン銀行,Financials,銀行業,貸借
8411,みずほフィナンシャルグループ,Financials,銀行業,貸借
8416,高知銀行,Financials,銀行業,貸借
8418,山口フィナンシャルグループ,Financials,銀行業,貸借
8423,アクリーティブ,Financials,その他金融業,貸借
8424,芙蓉総合リース,Financials,その他金融業,貸借
8425,興銀リース,Financials,その他金融業,貸借
8439,東京センチュリーリース,Financials,その他金融業,貸借
8462,フューチャーベンチャーキャピタル,Financials,証券･商品先物取引業,信用
8473,ＳＢＩホールディングス,Financials,証券･商品先物取引業,貸借
8508,Ｊトラスト,Financials,その他金融業,貸借
8511,日本証券金融,Financials,その他金融業,貸借
8515,アイフル,Financials,その他金融業,貸借
8518,日本アジア投資,Financials,証券･商品先物取引業,信用
8519,ポケットカード,Financials,その他金融業,貸借
8521,長野銀行,Financials,銀行業,貸借
8522,名古屋銀行,Financials,銀行業,貸借
8524,北洋銀行,Financials,銀行業,貸借
8527,愛知銀行,Financials,銀行業,貸借
8529,第三銀行,Financials,銀行業,貸借
8530,中京銀行,Financials,銀行業,貸借
8536,東日本銀行,Financials,銀行業,貸借
8537,大光銀行,Financials,銀行業,貸借
8541,愛媛銀行,Financials,銀行業,貸借
8542,トマト銀行,Financials,銀行業,貸借
8543,みなと銀行,Financials,銀行業,貸借
8544,京葉銀行,Financials,銀行業,貸借
8545,関西アーバン銀行,Financials,銀行業,貸借
8550,栃木銀行,Financials,銀行業,貸借
8551,北日本銀行,Financials,銀行業,貸借
8558,東和銀行,Financials,銀行業,貸借
8562,福島銀行,Financials,銀行業,貸借
8563,大東銀行,Financials,銀行業,貸借
8566,リコーリース,Financials,その他金融業,貸借
8570,イオンフィナンシャルサービス,Financials,その他金融業,貸借
8572,アコム,Financials,その他金融業,貸借
8584,ジャックス,Financials,その他金融業,貸借
8585,オリエントコーポレーション,Financials,その他金融業,貸借
8586,日立キャピタル,Financials,その他金融業,貸借
8589,アプラスフィナンシャル,Financials,その他金融業,貸借
8591,オリックス,Financials,その他金融業,貸借
8593,三菱ＵＦＪリース,Financials,その他金融業,貸借
8595,ジャフコ,Financials,証券･商品先物取引業,貸借
8600,トモニホールディングス,Financials,銀行業,貸借
8601,大和証券グループ本社,Financials,証券･商品先物取引業,貸借
8604,野村ホールディングス,Financials,証券･商品先物取引業,貸借
8609,岡三証券グループ,Financials,証券･商品先物取引業,貸借
8613,丸三証券,Financials,証券･商品先物取引業,貸借
8614,東洋証券,Financials,証券･商品先物取引業,貸借
8616,東海東京フィナンシャル・ホールディングス,Financials,証券･商品先物取引業,貸借
8617,光世証券,Financials,証券･商品先物取引業,貸借
8622,水戸証券,Financials,証券･商品先物取引業,貸借
8624,いちよし証券,Financials,証券･商品先物取引業,貸借
8625,高木証券,Financials,証券･商品先物取引業,貸借
8628,松井証券,Financials,証券･商品先物取引業,貸借
8630,損保ジャパン日本興亜ホールディングス,Financials,保険業,貸借
8634,ジェー・ピー・モルガン・チェース・アンド・カンパニー,Financials,銀行業,信用
8648,バンク・オブ・アメリカ・コーポレーション,Financials,銀行業,信用
8685,アメリカン・インターナショナル・グループ・インク,Financials,保険業,信用
8686,アフラック・インコーポレーテッド,Financials,保険業,信用
8692,だいこう証券ビジネス,Financials,証券･商品先物取引業,貸借
8697,日本取引所グループ,Financials,その他金融業,貸借
8698,マネックスグループ,Financials,証券･商品先物取引業,貸借
8699,澤田ホールディングス,Financials,証券･商品先物取引業,貸借
8700,丸八証券,Financials,証券･商品先物取引業,信用
8702,スターホールディングス,Financials,証券･商品先物取引業,信用
8703,カブドットコム証券,Financials,証券･商品先物取引業,貸借
8704,トレイダーズホールディングス,Financials,証券･商品先物取引業,貸借
8705,岡藤ホールディングス,Financials,証券･商品先物取引業,信用
8706,極東証券,Financials,証券･商品先物取引業,貸借
8707,岩井コスモホールディングス,Financials,証券･商品先物取引業,貸借
8708,藍澤證券,Financials,証券･商品先物取引業,貸借
8709,インヴァスト証券,Financials,証券･商品先物取引業,貸借
8710,シティグループ・インク,Financials,銀行業,信用
8711,ＦＸプライムｂｙＧＭＯ,Financials,証券･商品先物取引業,信用
8713,フィデアホールディングス,Financials,銀行業,貸借
8714,池田泉州ホールディングス,Financials,銀行業,貸借
8715,アニコム　ホールディングス,Financials,保険業,信用
8718,ＪＰＮホールディングス,Financials,その他金融業,貸借
8725,ＭＳ＆ＡＤインシュアランスグループホールディングス,Financials,保険業,貸借
8728,マネースクウェアＨＤ,Financials,証券･商品先物取引業,信用
8729,ソニーフィナンシャルホールディングス,Financials,保険業,貸借
8732,マネーパートナーズグループ,Financials,証券･商品先物取引業,貸借
8737,あかつきフィナンシャルグループ,Financials,証券･商品先物取引業,信用
8739,スパークス・グループ,Financials,証券･商品先物取引業,信用
8740,フジトミ,Financials,証券･商品先物取引業,信用
8742,小林洋行,Financials,証券･商品先物取引業,貸借
8746,第一商品,Financials,証券･商品先物取引業,信用
8747,豊商事,Financials,証券･商品先物取引業,信用
8750,第一生命保険,Financials,保険業,貸借
8766,東京海上ホールディングス,Financials,保険業,貸借
8767,ウェブクルー,Financials,保険業,貸借
8769,アドバンテッジリスクマネジメント,Financials,保険業,貸借
8771,イー・ギャランティ,Financials,その他金融業,信用
8772,アサックス,Financials,その他金融業,信用
8783,ＧＦＡ,Financials,その他金融業,信用
8787,ＵＣＳ,Financials,その他金融業,貸借
8789,フィンテック　グローバル,Financials,その他金融業,貸借
8793,ＮＥＣキャピタルソリューション,Financials,その他金融業,貸借
8795,Ｔ＆Ｄホールディングス,Financials,保険業,貸借
8798,アドバンスクリエイト,Financials,保険業,貸借
8801,三井不動産,Real Estate,不動産業,貸借
8802,三菱地所,Real Estate,不動産業,貸借
8803,平和不動産,Real Estate,不動産業,貸借
8804,東京建物,Real Estate,不動産業,貸借
8806,ダイビル,Real Estate,不動産業,貸借
8818,京阪神ビルディング,Real Estate,不動産業,貸借
8830,住友不動産,Real Estate,不動産業,貸借
8835,太平洋興発,Industrials,卸売業,貸借
8836,ＲＩＳＥ,Real Estate,不動産業,信用
8840,大京,Real Estate,不動産業,貸借
8841,テーオーシー,Real Estate,不動産業,貸借
8842,東京楽天地,Real Estate,不動産業,信用
8844,コスモスイニシア,Real Estate,不動産業,信用
8848,レオパレス２１,Real Estate,不動産業,信用
8850,スターツコーポレーション,Real Estate,不動産業,信用
8851,アーバンライフ,Real Estate,不動産業,信用
8854,日住サービス,Real Estate,不動産業,貸借
8860,フジ住宅,Real Estate,不動産業,貸借
8864,空港施設,Real Estate,不動産業,信用
8869,明和地所,Real Estate,不動産業,貸借
8870,住友不動産販売,Real Estate,不動産業,貸借
8871,ゴールドクレスト,Real Estate,不動産業,貸借
8876,リロ・ホールディング,Industrials,サービス業,貸借
8877,日本エスリード,Real Estate,不動産業,貸借
8881,日神不動産,Real Estate,不動産業,貸借
8885,ラ・アトレ,Real Estate,不動産業,信用
8886,ウッドフレンズ,Real Estate,不動産業,信用
8887,リベレステ,Real Estate,不動産業,貸借
8889,アパマンショップホールディングス,Real Estate,不動産業,貸借
8890,レーサム,Real Estate,不動産業,貸借
8891,エムジーホーム,Real Estate,不動産業,信用
8892,日本エスコン,Real Estate,不動産業,貸借
8893,新日本建物,Real Estate,不動産業,貸借
8894,原弘産,Real Estate,不動産業,貸借
8897,タカラレーベン,Real Estate,不動産業,貸借
8898,センチュリー２１・ジャパン,Real Estate,不動産業,信用
8903,サンウッド,Real Estate,不動産業,貸借
8904,サンヨーハウジング名古屋,Real Estate,不動産業,貸借
8905,イオンモール,Real Estate,不動産業,貸借
8908,毎日コムネット,Real Estate,不動産業,信用
8909,シノケングループ,Real Estate,不動産業,貸借
8912,エリアクエスト,Real Estate,不動産業,貸借
8914,エリアリンク,Real Estate,不動産業,貸借
8917,ファースト住建,Real Estate,不動産業,貸借
8918,ランド,Real Estate,不動産業,信用
8920,東祥,Industrials,サービス業,貸借
8922,日本アセットマーケティング,Real Estate,不動産業,信用
8923,トーセイ,Real Estate,不動産業,貸借
8925,アルデプロ,Real Estate,不動産業,貸借
8927,明豊エンタープライズ,Real Estate,不動産業,貸借
8928,穴吹興産,Real Estate,不動産業,貸借
8929,青山財産ネットワークス,Real Estate,不動産業,信用
8931,和田興産,Real Estate,不動産業,貸借
8933,エヌ・ティ・ティ都市開発,Real Estate,不動産業,貸借
8934,サンフロンティア不動産,Real Estate,不動産業,貸借
8935,エフ・ジェー・ネクスト,Real Estate,不動産業,貸借
8938,ロジコム,Real Estate,不動産業,信用
8940,インテリックス,Real Estate,不動産業,貸借
8944,ランドビジネス,Real Estate,不動産業,信用
8945,日本社宅サービス,Real Estate,不動産業,信用
8946,陽光都市開発,Real Estate,不動産業,信用
8995,誠建設工業,Real Estate,不動産業,信用
8998,ＳＢＩライフリビング,Real Estate,不動産業,信用
8999,グランディハウス,Real Estate,不動産業,信用
9001,東武鉄道,Industrials,陸運業,貸借
9003,相鉄ホールディングス,Industrials,陸運業,貸借
9005,東京急行電鉄,Industrials,陸運業,貸借
9006,京浜急行電鉄,Industrials,陸運業,貸借
9007,小田急電鉄,Industrials,陸運業,貸借
9008,京王電鉄,Industrials,陸運業,貸借
9009,京成電鉄,Industrials,陸運業,貸借
9010,富士急行,Industrials,陸運業,貸借
9012,秩父鉄道,Industrials,陸運業,信用
9014,新京成電鉄,Industrials,陸運業,貸借
9017,新潟交通,Industrials,陸運業,信用
9020,東日本旅客鉄道,Industrials,陸運業,貸借
9021,西日本旅客鉄道,Industrials,陸運業,貸借
9022,東海旅客鉄道,Industrials,陸運業,貸借
9024,西武ホールディングス,Industrials,陸運業,貸借
9025,鴻池運輸,Industrials,陸運業,貸借
9028,ゼロ,Industrials,陸運業,信用
9029,ヒガシトゥエンティワン,Industrials,陸運業,信用
9031,西日本鉄道,Industrials,陸運業,貸借
9033,広島電鉄,Industrials,陸運業,貸借
9034,南総通運,Industrials,陸運業,信用
9036,東部ネットワーク,Industrials,陸運業,信用
9037,ハマキョウレックス,Industrials,陸運業,信用
9039,サカイ引越センター,Industrials,陸運業,貸借
9041,近畿日本鉄道,Industrials,陸運業,貸借
9042,阪急阪神ホールディングス,Industrials,陸運業,貸借
9044,南海電気鉄道,Industrials,陸運業,貸借
9045,京阪電気鉄道,Industrials,陸運業,貸借
9046,神戸電鉄,Industrials,陸運業,貸借
9047,名糖運輸,Industrials,陸運業,貸借
9048,名古屋鉄道,Industrials,陸運業,貸借
9049,京福電気鉄道,Industrials,陸運業,信用
9051,センコン物流,Industrials,陸運業,信用
9052,山陽電気鉄道,Industrials,陸運業,貸借
9055,アルプス物流,Industrials,陸運業,貸借
9056,ヒューテックノオリン,Industrials,陸運業,貸借
9057,遠州トラック,Industrials,陸運業,信用
9058,トランコム,Industrials,倉庫･運輸関連業,貸借
9059,カンダホールディングス,Industrials,陸運業,信用
9060,日本ロジテム,Industrials,陸運業,信用
9062,日本通運,Industrials,陸運業,貸借
9063,岡山県貨物運送,Industrials,陸運業,信用
9064,ヤマトホールディングス,Industrials,陸運業,貸借
9065,山九,Industrials,陸運業,貸借
9066,日新,Industrials,倉庫･運輸関連業,貸借
9067,丸運,Industrials,陸運業,信用
9068,丸全昭和運輸,Industrials,陸運業,貸借
9069,センコー,Industrials,陸運業,貸借
9070,トナミホールディングス,Industrials,陸運業,貸借
9072,日本梱包運輸倉庫,Industrials,陸運業,貸借
9073,京極運輸商事,Industrials,陸運業,信用
9074,日本石油輸送,Industrials,陸運業,貸借
9075,福山通運,Industrials,陸運業,貸借
9076,セイノーホールディングス,Industrials,陸運業,貸借
9081,神奈川中央交通,Industrials,陸運業,貸借
9082,大和自動車交通,Industrials,陸運業,信用
9083,神姫バス,Industrials,陸運業,貸借
9086,日立物流,Industrials,陸運業,貸借
9087,タカセ,Industrials,陸運業,信用
9090,丸和運輸機関,Industrials,陸運業,信用
9101,日本郵船,Industrials,海運業,貸借
9104,商船三井,Industrials,海運業,貸借
9107,川崎汽船,Industrials,海運業,貸借
9110,ＮＳユナイテッド海運,Industrials,海運業,貸借
9115,明治海運,Industrials,海運業,信用
9119,飯野海運,Industrials,海運業,貸借
9127,玉井商船,Industrials,海運業,信用
9130,共栄タンカー,Industrials,海運業,貸借
9132,第一中央汽船,Industrials,海運業,貸借
9133,東栄リーファーライン,Industrials,海運業,信用
9171,栗林商船,Industrials,海運業,信用
9173,東海汽船,Industrials,海運業,信用
9176,佐渡汽船,Industrials,海運業,信用
9179,川崎近海汽船,Industrials,海運業,貸借
9180,ＮＳユナイテッド内航海運,Industrials,海運業,信用
9193,東京汽船,Industrials,倉庫･運輸関連業,信用
9201,日本航空,Industrials,空運業,貸借
9202,ＡＮＡホールディングス,Industrials,空運業,貸借
9206,スターフライヤー,Industrials,空運業,信用
9232,パスコ,Industrials,空運業,貸借
9233,アジア航測,Industrials,空運業,信用
9301,三菱倉庫,Industrials,倉庫･運輸関連業,貸借
9302,三井倉庫ホールディングス,Industrials,倉庫･運輸関連業,貸借
9303,住友倉庫,Industrials,倉庫･運輸関連業,貸借
9304,澁澤倉庫,Industrials,倉庫･運輸関連業,貸借
9305,ヤマタネ,Industrials,卸売業,貸借
9306,東陽倉庫,Industrials,倉庫･運輸関連業,貸借
9307,杉村倉庫,Industrials,倉庫･運輸関連業,信用
9308,乾汽船,Industrials,倉庫･運輸関連業,貸借
9310,日本トランスシティ,Industrials,倉庫･運輸関連業,貸借
9311,アサガミ,Industrials,倉庫･運輸関連業,信用
9312,ケイヒン,Industrials,倉庫･運輸関連業,貸借
9313,丸八倉庫,Industrials,倉庫･運輸関連業,信用
9317,オーナミ,Industrials,倉庫･運輸関連業,信用
9318,アジア・アライアンス・ホールディングス,Financials,証券･商品先物取引業,信用
9319,中央倉庫,Industrials,倉庫･運輸関連業,貸借
9320,三和倉庫,Industrials,倉庫･運輸関連業,信用
9322,川西倉庫,Industrials,倉庫･運輸関連業,信用
9324,安田倉庫,Industrials,倉庫･運輸関連業,信用
9351,東洋埠頭,Industrials,倉庫･運輸関連業,貸借
9353,櫻島埠頭,Industrials,倉庫･運輸関連業,貸借
9355,リンコーコーポレーション,Industrials,倉庫･運輸関連業,信用
9358,宇徳,Industrials,倉庫･運輸関連業,信用
9360,鈴与シンワート,Communication Services,情報･通信業,信用
9361,伏木海陸運送,Industrials,倉庫･運輸関連業,信用
9362,兵機海運,Industrials,倉庫･運輸関連業,貸借
9363,大運,Industrials,倉庫･運輸関連業,信用
9364,上組,Industrials,倉庫･運輸関連業,貸借
9365,トレーディア,Industrials,倉庫･運輸関連業,貸借
9366,サンリツ,Industrials,倉庫･運輸関連業,貸借
9367,大東港運,Industrials,倉庫･運輸関連業,信用
9368,キムラユニティー,Industrials,倉庫･運輸関連業,貸借
9369,キユーソー流通システム,Industrials,倉庫･運輸関連業,貸借
9370,郵船ロジスティクス,Industrials,倉庫･運輸関連業,貸借
9373,ニッコウトラベル,Industrials,サービス業,貸借
9375,近鉄エクスプレス,Industrials,倉庫･運輸関連業,貸借
9376,ユーラシア旅行社,Industrials,サービス業,貸借
9377,エージーピー,Industrials,倉庫･運輸関連業,信用
9380,東海運,Industrials,倉庫･運輸関連業,貸借
9381,エーアイテイー,Industrials,倉庫･運輸関連業,信用
9384,内外トランスライン,Industrials,倉庫･運輸関連業,貸借
9385,ショーエイコーポレーション,Materials,化学,貸借
9386,日本コンセプト,Industrials,倉庫･運輸関連業,信用
9399,新華ホールディングス・リミテッド（新華控股有限公司）,Communication Services,情報･通信業,信用
9401,東京放送ホールディングス,Communication Services,情報･通信業,貸借
9404,日本テレビホールディングス,Communication Services,情報･通信業,貸借
9405,朝日放送,Communication Services,情報･通信業,貸借
9408,新潟放送,Communication Services,情報･通信業,信用
9409,テレビ朝日ホールディングス,Communication Services,情報･通信業,貸借
9412,スカパーＪＳＡＴホールディングス,Communication Services,情報･通信業,貸借
9413,テレビ東京ホールディングス,Communication Services,情報･通信業,貸借
9414,日本ＢＳ放送,Communication Services,情報･通信業,貸借
9418,Ｕ−ＮＥＸＴ,Communication Services,情報･通信業,信用
9419,ワイヤレスゲート,Communication Services,情報･通信業,貸借
9421,ネプロジャパン,Communication Services,情報･通信業,信用
9422,コネクシオ,Communication Services,情報･通信業,信用
9423,フォーバル・リアルストレート,Communication Services,情報･通信業,その他
9424,日本通信,Communication Services,情報･通信業,信用
9425,日本テレホン,Communication Services,情報･通信業,信用
9428,クロップス,Communication Services,情報･通信業,信用
9432,日本電信電話,Communication Services,情報･通信業,貸借
9433,ＫＤＤＩ,Communication Services,情報･通信業,貸借
9435,光通信,Communication Services,情報･通信業,貸借
9436,沖縄セルラー電話,Communication Services,情報･通信業,貸借
9437,ＮＴＴドコモ,Communication Services,情報･通信業,貸借
9438,エムティーアイ,Communication Services,情報･通信業,貸借
9439,エム・エイチ・グループ,Industrials,サービス業,貸借
9441,ベルパーク,Communication Services,情報･通信業,貸借
9444,トーシン,Communication Services,情報･通信業,信用
9445,フォーバルテレコム,Communication Services,情報･通信業,貸借
9446,エスケーアイ,Communication Services,情報･通信業,信用
9449,ＧＭＯインターネット,Communication Services,情報･通信業,貸借
9467,アルファポリス,Communication Services,情報･通信業,信用
9468,ＫＡＤＯＫＡＷＡ・ＤＷＡＮＧＯ,Communication Services,情報･通信業,貸借
9470,学研ホールディングス,Communication Services,情報･通信業,貸借
9474,ゼンリン,Communication Services,情報･通信業,貸借
9475,昭文社,Communication Services,情報･通信業,貸借
9476,中央経済社,Communication Services,情報･通信業,信用
9478,ＳＥホールディングス・アンド・インキュベーションズ,Communication Services,情報･通信業,信用
9479,インプレスホールディングス,Communication Services,情報･通信業,貸借
9501,東京電力,Utilities,電気･ガス業,貸借
9502,中部電力,Utilities,電気･ガス業,貸借
9503,関西電力,Utilities,電気･ガス業,貸借
9504,中国電力,Utilities,電気･ガス業,貸借
9505,北陸電力,Utilities,電気･ガス業,貸借
9506,東北電力,Utilities,電気･ガス業,貸借
9507,四国電力,Utilities,電気･ガス業,貸借
9508,九州電力,Utilities,電気･ガス業,貸借
9509,北海道電力,Utilities,電気･ガス業,貸借
9511,沖縄電力,Utilities,電気･ガス業,貸借
9513,電源開発,Utilities,電気･ガス業,貸借
9514,ファーストエスコ,Utilities,電気･ガス業,信用
9517,イーレックス,Utilities,電気･ガス業,信用
9531,東京瓦斯,Utilities,電気･ガス業,貸借
9532,大阪瓦斯,Utilities,電気･ガス業,貸借
9533,東邦瓦斯,Utilities,電気･ガス業,貸借
9534,北海道瓦斯,Utilities,電気･ガス業,貸借
9535,広島ガス,Utilities,電気･ガス業,貸借
9536,西部瓦斯,Utilities,電気･ガス業,貸借
9537,北陸瓦斯,Utilities,電気･ガス業,信用
9539,京葉瓦斯,Utilities,電気･ガス業,信用
9543,静岡瓦斯,Utilities,電気･ガス業,貸借
9551,メタウォーター,Utilities,電気･ガス業,信用
9600,アイネット,Communication Services,情報･通信業,貸借
9601,松竹,Communication Services,情報･通信業,貸借
9602,東宝,Communication Services,情報･通信業,貸借
9603,エイチ・アイ・エス,Industrials,サービス業,貸借
9605,東映,Communication Services,情報･通信業,貸借
9607,ＡＯＩ　Ｐｒｏ．,Communication Services,情報･通信業,貸借
9608,福山コンサルタント,Industrials,サービス業,信用
9610,ウィルソン・ラーニング　ワールドワイド,Industrials,サービス業,貸借
9612,ラックランド,Industrials,サービス業,信用
9613,エヌ・ティ・ティ・データ,Communication Services,情報･通信業,貸借
9616,共立メンテナンス,Industrials,サービス業,貸借
9619,イチネンホールディングス,Industrials,サービス業,貸借
9621,建設技術研究所,Industrials,サービス業,貸借
9622,スペース,Industrials,サービス業,貸借
9624,長大,Industrials,サービス業,信用
9625,セレスポ,Industrials,サービス業,信用
9627,アインファーマシーズ,Consumer Cyclical,小売業,貸借
9628,燦ホールディングス,Industrials,サービス業,貸借
9629,ピー・シー・エー,Communication Services,情報･通信業,信用
9631,東急レクリエーション,Industrials,サービス業,信用
9632,スバル興業,Industrials,サービス業,信用
9633,東京テアトル,Industrials,サービス業,貸借
9635,武蔵野興業,Industrials,サービス業,信用
9636,きんえい,Industrials,サービス業,信用
9637,オーエス,Industrials,サービス業,貸借
9638,情報技術開発,Communication Services,情報･通信業,信用
9639,三協フロンテア,Industrials,サービス業,信用
9640,セゾン情報システムズ,Communication Services,情報･通信業,貸借
9641,サコス,Industrials,サービス業,貸借
9644,タナベ経営,Industrials,サービス業,信用
9647,協和コンサルタンツ,Industrials,サービス業,信用
9651,日本プロセス,Communication Services,情報･通信業,信用
9656,グリーンランドリゾート,Industrials,サービス業,貸借
9657,コムテック,Communication Services,情報･通信業,その他
9658,ビジネスブレイン太田昭和,Communication Services,情報･通信業,信用
9661,歌舞伎座,Industrials,サービス業,信用
9663,ナガワ,Industrials,サービス業,貸借
9671,よみうりランド,Industrials,サービス業,貸借
9672,東京都競馬,Industrials,サービス業,貸借
9674,花月園観光,Industrials,サービス業,信用
9675,常磐興産,Industrials,サービス業,貸借
9678,カナモト,Industrials,サービス業,貸借
9679,ホウライ,Industrials,サービス業,信用
9680,共成レンテム,Industrials,サービス業,信用
9681,東京ドーム,Industrials,サービス業,貸借
9682,ＤＴＳ,Communication Services,情報･通信業,貸借
9684,スクウェア・エニックス・ホールディングス,Communication Services,情報･通信業,貸借
9685,ＫＹＣＯＭホールディングス,Communication Services,情報･通信業,信用
9686,東洋テック,Industrials,サービス業,信用
9687,ＫＳＫ,Communication Services,情報･通信業,信用
9691,両毛システムズ,Communication Services,情報･通信業,信用
9692,シーイーシー,Communication Services,情報･通信業,貸借
9695,鴨川グランドホテル,Industrials,サービス業,信用
9696,ウィザス,Industrials,サービス業,信用
9697,カプコン,Communication Services,情報･通信業,貸借
9698,クレオ,Communication Services,情報･通信業,信用
9699,西尾レントオール,Industrials,サービス業,貸借
9701,東京會舘,Industrials,サービス業,信用
9702,アイ・エス・ビー,Communication Services,情報･通信業,貸借
9704,アゴーラ・ホスピタリティー・グループ,Industrials,サービス業,信用
9706,日本空港ビルデング,Real Estate,不動産業,貸借
9707,ユニマットそよ風,Industrials,サービス業,貸借
9708,帝国ホテル,Industrials,サービス業,貸借
9709,ＮＣＳ＆Ａ,Communication Services,情報･通信業,信用
9713,ロイヤルホテル,Industrials,サービス業,貸借
9715,トランス・コスモス,Industrials,サービス業,貸借
9716,乃村工藝社,Industrials,サービス業,貸借
9717,ジャステック,Communication Services,情報･通信業,貸借
9719,ＳＣＳＫ,Communication Services,情報･通信業,貸借
9720,ホテル、ニューグランド,Industrials,サービス業,信用
9722,藤田観光,Industrials,サービス業,貸借
9723,京都ホテル,Industrials,サービス業,信用
9726,ＫＮＴ−ＣＴホールディングス,Industrials,サービス業,貸借
9728,日本管財,Industrials,サービス業,貸借
9729,トーカイ,Industrials,サービス業,貸借
9731,白洋舎,Industrials,サービス業,信用
9733,ナガセ,Industrials,サービス業,信用
9734,精養軒,Industrials,サービス業,信用
9735,セコム,Industrials,サービス業,貸借
9736,白青舎,Industrials,サービス業,信用
9739,日本システムウエア,Communication Services,情報･通信業,信用
9740,セントラル警備保障,Industrials,サービス業,貸借
9742,アイネス,Communication Services,情報･通信業,貸借
9743,丹青社,Industrials,サービス業,貸借
9744,メイテック,Industrials,サービス業,貸借
9746,ＴＫＣ,Communication Services,情報･通信業,貸借
9747,アサツー　ディ・ケイ,Industrials,サービス業,貸借
9748,エヌジェーケー,Communication Services,情報･通信業,信用
9749,富士ソフト,Communication Services,情報･通信業,貸借
9753,アイエックス・ナレッジ,Communication Services,情報･通信業,信用
9755,応用地質,Industrials,サービス業,貸借
9757,船井総研ホールディングス,Industrials,サービス業,貸借
9758,ジャパンシステム,Communication Services,情報･通信業,信用
9759,ＮＳＤ,Communication Services,情報･通信業,貸借
9760,進学会,Industrials,サービス業,貸借
9761,東海リース,Industrials,サービス業,信用
9763,丸紅建材リース,Industrials,卸売業,貸借
9764,技研興業,Industrials,建設業,信用
9765,オオバ,Industrials,サービス業,貸借
9766,コナミ,Communication Services,情報･通信業,貸借
9767,日建工学,Industrials,サービス業,信用
9768,いであ,Industrials,サービス業,信用
9769,学究社,Industrials,サービス業,信用
9776,札幌臨床検査センター,Industrials,サービス業,信用
9778,昴,Industrials,サービス業,信用
9780,ハリマビステム,Industrials,サービス業,信用
9782,ディーエムエス,Industrials,サービス業,信用
9783,ベネッセホールディングス,Industrials,サービス業,貸借
9787,イオンディライト,Industrials,サービス業,貸借
9788,ナック,Industrials,サービス業,貸借
9790,福井コンピュータホールディングス,Communication Services,情報･通信業,貸借
9791,ビケンテクノ,Industrials,サービス業,信用
9792,ニチイ学館,Industrials,サービス業,貸借
9793,ダイセキ,Industrials,サービス業,貸借
9795,ステップ,Industrials,サービス業,貸借
9797,大日本コンサルタント,Industrials,サービス業,信用
9799,旭情報サービス,Communication Services,情報･通信業,信用
9810,日鉄住金物産,Industrials,卸売業,貸借
9812,テーオー小笠原,Industrials,卸売業,信用
9816,ストライダーズ,Industrials,卸売業,信用
9818,大丸エナウィン,Industrials,卸売業,貸借
9820,エムティジェネックス,Real Estate,不動産業,信用
9823,マミーマート,Consumer Cyclical,小売業,信用
9824,泉州電業,Industrials,卸売業,貸借
9826,ＪＥＵＧＩＡ,Consumer Cyclical,小売業,信用
9827,リリカラ,Industrials,卸売業,信用
9828,元気寿司,Consumer Cyclical,小売業,貸借
9829,ながの東急百貨店,Consumer Cyclical,小売業,信用
9830,トラスコ中山,Industrials,卸売業,貸借
9831,ヤマダ電機,Consumer Cyclical,小売業,貸借
9832,オートバックスセブン,Industrials,卸売業,貸借
9835,ジュンテンドー,Consumer Cyclical,小売業,信用
9836,リーバイ・ストラウス　ジャパン,Industrials,卸売業,信用
9837,モリト,Industrials,卸売業,貸借
9842,アークランドサカモト,Consumer Cyclical,小売業,貸借
9843,ニトリホールディングス,Consumer Cyclical,小売業,貸借
9845,パーカーコーポレーション,Materials,化学,信用
9846,天満屋ストア,Consumer Cyclical,小売業,信用
9849,共同紙販ホールディングス,Industrials,卸売業,信用
9850,グルメ杵屋,Consumer Cyclical,小売業,貸借
9852,中央物産,Industrials,卸売業,信用
9853,銀座ルノアール,Consumer Cyclical,小売業,信用
9854,愛眼,Consumer Cyclical,小売業,貸借
9855,くろがねや,Consumer Cyclical,小売業,信用
9856,ケーユーホールディングス,Consumer Cyclical,小売業,貸借
9857,英和,Industrials,卸売業,貸借
9861,吉野家ホールディングス,Consumer Cyclical,小売業,貸借
9867,ソレキア,Industrials,卸売業,信用
9869,加藤産業,Industrials,卸売業,貸借
9870,ハナテン,Consumer Cyclical,小売業,貸借
9872,北恵,Industrials,卸売業,信用
9873,日本ＫＦＣホールディングス,Consumer Cyclical,小売業,信用
9876,コックス,Consumer Cyclical,小売業,信用
9878,セキド,Consumer Cyclical,小売業,信用
9880,イノテック,Industrials,卸売業,信用
9882,イエローハット,Industrials,卸売業,貸借
9883,富士エレクトロニクス,Industrials,卸売業,貸借
9885,シャルレ,Industrials,卸売業,貸借
9887,松屋フーズ,Consumer Cyclical,小売業,貸借
9888,ＵＥＸ,Industrials,卸売業,信用
9889,ＪＢＣＣホールディングス,Communication Services,情報･通信業,貸借
9890,マキヤ,Consumer Cyclical,小売業,信用
9892,卑弥呼,Industrials,卸売業,信用
9895,コンセック,Industrials,卸売業,信用
9896,ＪＫホールディングス,Industrials,卸売業,貸借
9898,サハダイヤモンド,Industrials,卸売業,信用
9899,ジョリーパスタ,Consumer Cyclical,小売業,信用
9900,サガミチェーン,Consumer Cyclical,小売業,貸借
9902,日伝,Industrials,卸売業,貸借
9903,カンセキ,Consumer Cyclical,小売業,信用
9904,ベリテ,Consumer Cyclical,小売業,信用
9906,藤井産業,Industrials,卸売業,信用
9908,日本電計,Industrials,卸売業,信用
9909,愛光電気,Industrials,卸売業,信用
9913,日邦産業,Industrials,卸売業,貸借
9914,植松商会,Industrials,卸売業,信用
9919,関西スーパーマーケット,Consumer Cyclical,小売業,貸借
9922,日立機材,Materials,金属製品,信用
9927,ワットマン,Consumer Cyclical,小売業,信用
9928,ミロク情報サービス,Communication Services,情報･通信業,貸借
9929,平和紙業,Industrials,卸売業,信用
9930,北沢産業,Industrials,卸売業,貸借
9932,杉本商事,Industrials,卸売業,信用
9934,因幡電機産業,Industrials,卸売業,貸借
9936,王将フードサービス,Consumer Cyclical,小売業,貸借
9941,太洋物産,Industrials,卸売業,信用
9943,ココスジャパン,Consumer Cyclical,小売業,信用
9945,プレナス,Consumer Cyclical,小売業,貸借
9946,ミニストップ,Consumer Cyclical,小売業,貸借
9948,アークス,Consumer Cyclical,小売業,貸借
9950,ハチバン,Consumer Cyclical,小売業,信用
9955,ヨンキュウ,Industrials,卸売業,信用
9956,バロー,Consumer Cyclical,小売業,貸借
9957,バイテック,Industrials,卸売業,貸借
9959,アシードホールディングス,Consumer Cyclical,小売業,信用
9960,東テク,Industrials,卸売業,信用
9962,ミスミグループ本社,Industrials,卸売業,貸借
9963,江守グループホールディングス,Industrials,卸売業,貸借
9964,アイ・テック,Industrials,卸売業,信用
9966,藤久,Consumer Cyclical,小売業,信用
9967,堺商事,Industrials,卸売業,信用
9969,ショクブン,Consumer Cyclical,小売業,信用
9972,アルテック,Industrials,卸売業,貸借
9973,小僧寿し,Consumer Cyclical,小売業,信用
9974,ベルク,Consumer Cyclical,小売業,信用
9976,セキチュー,Consumer Cyclical,小売業,信用
9977,アオキスーパー,Consumer Cyclical,小売業,信用
9978,文教堂グループホールディングス,Consumer Cyclical,小売業,信用
9979,大庄,Consumer Cyclical,小売業,貸借
9980,マルコ,Consumer Cyclical,小売業,貸借
9982,タキヒヨー,Industrials,卸売業,貸借
9983,ファーストリテイリング,Consumer Cyclical,小売業,貸借
9984,ソフトバンク,Communication Services,情報･通信業,貸借
9986,蔵王産業,Industrials,卸売業,信用
9987,スズケン,Industrials,卸売業,貸借
9989,サンドラッグ,Consumer Cyclical,小売業,貸借
9990,サックスバー　ホールディングス,Consumer Cyclical,小売業,貸借
9991,ジェコス,Industrials,卸売業,貸借
9992,理研グリーン,Industrials,卸売業,信用
9993,ヤマザワ,Consumer Cyclical,小売業,信用
9994,やまや,Consumer Cyclical,小売業,貸借
9995,ルネサスイーストン,Industrials,卸売業,信用
9996,サトー商会,Industrials,卸売業,信用
9997,ベルーナ,Consumer Cyclical,小売業,貸借
