symbol,name,sector,industry
1301,極    洋,Materials,0050
130A,ＶＩＳ,Healthcare,3250
1332,ニッスイ,Materials,0050
1333,Ｕｍｉｏｓ,Materials,0050
135A,ＶＲＡＩＮ,Communication Services,5250
1375,ユキグニファクトリー,Materials,0050
1376,カネコ種苗,Materials,0050
1377,サカタのタネ,Materials,0050
1379,ホ  ク  ト,Materials,0050
137A,Ｃｏｃｏｌｉｖｅ,Communication Services,5250
1380,秋川牧園,Materials,0050
1381,アクシーズ,Materials,0050
1382,ホ－ブ,Materials,0050
1383,ベルグアース,Materials,0050
1384,ホクリヨウ,Materials,0050
138A,光フードサービス,Consumer Cyclical,6100
1401,エムビーエス,Industrials,2050
1407,ウエストホールディングス,Industrials,2050
1414,ショーボンド  ＨＤ,Industrials,2050
1417,ミライト・ワン,Industrials,2050
1418,インターライフＨＤ,Industrials,2050
1419,タマホーム,Industrials,2050
141A,トライアルホールディング,Consumer Cyclical,6100
1420,サンヨーホームズ,Industrials,2050
1429,日本アクア,Industrials,2050
142A,ジンジブ,Industrials,9050
1430,ファーストコーポレ,Industrials,2050
1431,Ｌｉｂ  Ｗｏｒｋ,Industrials,2050
1433,ベステラ,Industrials,2050
1434,ＪＥＳＣＯ  ＨＤ,Industrials,2050
1435,ｒｏｂｏｔ  ｈｏｍｅ,Real Estate,8050
1436,グリーンエナジー,Industrials,2050
1438,岐阜造園,Industrials,2050
143A,イシン,Industrials,9050
1443,技研ホールディングス,Industrials,2050
1444,ニッソウ,Industrials,2050
1446,キャンディル,Industrials,2050
1447,ＳＡＡＦホールディングス,Industrials,2050
1450,ＴＡＮＡＫＥＮ,Industrials,2050
145A,Ｌ  ｉｓ  Ｂ,Communication Services,5250
146A,コロンビア・ワークス,Real Estate,8050
147A,ソラコム,Communication Services,5250
148A,ハッチ・ワーク,Communication Services,5250
1491,中外鉱業,Materials,3500
149A,シンカ,Communication Services,5250
150A,ＪＳＨ,Industrials,9050
1514,住石ホールディングス,Energy,1050
1515,日鉄鉱業,Energy,1050
1518,三井松島ホールディングス,Industrials,3800
151A,ダイブグループ,Industrials,9050
153A,カウリス,Communication Services,5250
155A,情報戦略テクノロジー,Communication Services,5250
156A,マテリアルグループ,Industrials,9050
157A,グリーンモンスター,Industrials,9050
1605,ＩＮＰＥＸ,Energy,1050
160A,アズパートナーズ,Industrials,9050
1662,石油資源開発,Energy,1050
1663,Ｋ＆Ｏエナジーグループ,Energy,1050
166A,タスキホールディングス,Real Estate,8050
167A,リョーサン菱洋ＨＤ,Industrials,6050
168A,イタミアート,Industrials,3800
1711,ＳＤＳホールディングス,Industrials,2050
1716,第一カッター興業,Industrials,2050
1717,明豊ファシリティワークス,Industrials,9050
1718,美樹工業,Industrials,2050
1719,安藤・間,Industrials,2050
1720,東急建設,Industrials,2050
1721,コムシスホールディングス,Industrials,2050
1723,日本電技,Industrials,2050
1724,シンクレイヤ,Industrials,2050
1736,オーテック,Industrials,2050
173A,ハンモック,Communication Services,5250
1758,太洋基礎工業,Industrials,2050
175A,Ｗｉｌｌ  Ｓｍａｒｔ,Communication Services,5250
1762,高松コンストラクションＧ,Industrials,2050
1764,工藤建設,Industrials,2050
1766,東建コーポレーション,Industrials,2050
1768,ソネック,Industrials,2050
1770,藤田エンジニアリング,Industrials,2050
1773,ワイ・ティー・エル,Industrials,2050
177A,コージンバイオ,Materials,3200
1780,ヤマウラ,Industrials,2050
1783,ｆａｎｔａｓｉｓｔａ,Real Estate,8050
1786,オリエンタル白石,Industrials,2050
1787,ナカボーテック,Industrials,2050
1788,三東工業社,Industrials,2050
1793,大本組,Industrials,2050
1795,マサル,Industrials,2050
1798,守谷商会,Industrials,2050
1799,第一建設工業,Industrials,2050
1801,大成建設,Industrials,2050
1802,大  林  組,Industrials,2050
1803,清水建設,Industrials,2050
1807,佐藤渡辺,Industrials,2050
1808,長谷工コーポレーション,Industrials,2050
1810,松井建設,Industrials,2050
1811,錢  高  組,Industrials,2050
1812,鹿島建設,Industrials,2050
1813,不動テトラ,Industrials,2050
1814,大末建設,Industrials,2050
1815,鉄建建設,Industrials,2050
1820,西松建設,Industrials,2050
1822,大豊建設,Industrials,2050
1826,佐田建設,Industrials,2050
1827,ナカノフドー建設,Industrials,2050
1828,田辺工業,Industrials,2050
1833,奥  村  組,Industrials,2050
1835,東鉄工業,Industrials,2050
1840,土屋ホールディングス,Industrials,2050
1844,大盛工業,Industrials,2050
1847,イチケン,Industrials,2050
1848,富士ピー・エス,Industrials,2050
184A,学びエイド,Communication Services,5250
1850,南海辰村建設,Industrials,2050
1852,淺  沼  組,Industrials,2050
1853,森    組,Industrials,2050
1860,戸田建設,Industrials,2050
1861,熊  谷  組,Industrials,2050
1866,北野建設,Industrials,2050
1867,植  木  組,Industrials,2050
186A,アストロスケールＨＤ,Industrials,9050
1870,矢作建設工業,Industrials,2050
1871,ピーエス・コンストラクシ,Industrials,2050
1873,日本ハウスＨＤ,Industrials,2050
1878,大東建託,Real Estate,8050
1879,新日本建設,Industrials,2050
1882,東亜道路工業,Industrials,2050
1885,東亜建設工業,Industrials,2050
1887,日本国土開発,Industrials,2050
1888,若築建設,Industrials,2050
1893,五洋建設,Industrials,2050
1897,金下建設,Industrials,2050
1898,世紀東急工業,Industrials,2050
1899,福  田  組,Industrials,2050
189A,Ｄ＆Ｍカンパニー,Industrials,9050
1904,大成温調,Industrials,2050
1905,テノックス,Industrials,2050
1909,日本ドライケミカル,Industrials,3600
190A,Ｃｈｏｒｄｉａ,Healthcare,3250
1911,住友林業,Industrials,2050
1914,日本基礎技術,Industrials,2050
1921,巴コーポレーション,Industrials,2050
1925,大和ハウス工業,Industrials,2050
1926,ライト工業,Industrials,2050
1928,積水ハウス,Industrials,2050
1929,日特建設,Industrials,2050
192A,インテグループ,Industrials,9050
1930,北陸電気工事,Industrials,2050
1934,ユアテック,Industrials,2050
1938,日本リーテック,Industrials,2050
1939,四  電  工,Industrials,2050
1941,中  電  工,Industrials,2050
1942,関  電  工,Industrials,2050
1944,きんでん,Industrials,2050
1945,東京エネシス,Industrials,2050
1946,トーエネック,Industrials,2050
1948,弘  電  社,Industrials,2050
194A,ＷＯＬＶＥＳ  ＨＡＮＤ,Industrials,9050
1950,日本電設工業,Industrials,2050
1951,エクシオグループ,Industrials,2050
1952,新日本空調,Industrials,2050
1959,クラフティア,Industrials,2050
195A,ＭＵＳＣＡＴ  ＧＲＯＵＰ,Industrials,9050
1960,サンテック,Industrials,2050
1961,三機工業,Industrials,2050
1963,日揮ホールディングス,Industrials,2050
1964,中外炉工業,Industrials,2050
1965,テクノ菱和,Industrials,2050
1966,高田工業所,Industrials,2050
1967,ヤ  マ  ト,Industrials,2050
1968,太平電業,Industrials,2050
1969,高砂熱学工業,Industrials,2050
196A,ＭＦＳ,Financials,7200
1972,三晃金属工業,Industrials,2050
1975,朝日工業社,Industrials,2050
1976,明星工業,Industrials,2050
1979,大  氣  社,Industrials,2050
197A,タウンズ,Healthcare,3250
1980,ダイダン,Industrials,2050
1981,協和日成,Industrials,2050
1982,日比谷総合設備,Industrials,2050
198A,ＰｏｓｔＰｒｉｍｅ,Communication Services,5250
1992,神田通信機,Industrials,2050
1994,高橋カーテンウォール,Industrials,2050
1997,暁飯島工業,Industrials,2050
2001,ニップン,Consumer Defensive,3050
2002,日清製粉Ｇ  本社,Consumer Defensive,3050
2003,日東富士製粉,Consumer Defensive,3050
2004,昭和産業,Consumer Defensive,3050
2009,鳥越製粉,Consumer Defensive,3050
2053,中部飼料,Consumer Defensive,3050
2055,日和産業,Consumer Defensive,3050
205A,ロゴスホールディングス,Industrials,2050
2060,フィード・ワン,Consumer Defensive,3050
206A,ＰＲＩＳＭ  ＢｉｏＬａｂ,Healthcare,3250
208A,構造計画研究所ＨＤ,Communication Services,5250
2108,日本甜菜製糖,Consumer Defensive,3050
2109,ＤＭ三井製糖,Consumer Defensive,3050
2112,塩水港精糖,Consumer Defensive,3050
2114,フジ日本,Consumer Defensive,3050
2117,ウェルネオシュガー,Consumer Defensive,3050
211A,カドス・コーポレーション,Industrials,2050
2120,ＬＩＦＵＬＬ,Industrials,9050
2121,ＭＩＸＩ,Communication Services,5250
2122,インタースペース,Industrials,9050
2124,ジェイエイシーリクルート,Industrials,9050
2127,日本Ｍ＆ＡセンターＨＤ,Industrials,9050
212A,フィットイージー,Industrials,9050
2130,メンバーズ,Industrials,9050
2134,北浜キャピタルパートナー,Industrials,9050
2136,ヒップ,Industrials,9050
2138,クルーズ,Communication Services,5250
2139,中    広,Industrials,9050
2146,ＵＴグループ,Industrials,9050
2148,アイティメディア,Industrials,9050
2152,幼児活動研究会,Industrials,9050
2153,Ｅ・Ｊホールディングス,Industrials,9050
2154,オープンアップグループ,Industrials,9050
2156,セーラー広告,Industrials,9050
2157,コシダカホールディングス,Industrials,9050
2158,ＦＲＯＮＴＥＯ,Industrials,9050
215A,タイミー,Industrials,9050
2160,ジーエヌアイグループ,Healthcare,3250
2163,アルトナー,Industrials,9050
2164,地域新聞社,Industrials,9050
2168,パソナグループ,Industrials,9050
2169,Ｃ  Ｄ  Ｓ,Industrials,9050
2170,リンク＆モチベーション,Industrials,9050
2173,博展,Industrials,9050
2175,エス・エム・エス,Industrials,9050
2179,成学社,Industrials,9050
2180,サニーサイドアップＧ,Industrials,9050
2181,パーソルホールディングス,Industrials,9050
2183,リニカル,Industrials,9050
2185,シイエム・シイ,Industrials,9050
2186,ソーバル,Industrials,9050
218A,Ｌｉｂｅｒａｗａｒｅ,Technology,3750
2193,クックパッド,Industrials,9050
2195,アミタホールディングス,Industrials,9050
2198,アイ・ケイ・ケイＨＤ,Industrials,9050
219A,Ｈｅａｒｔｓｅｅｄ,Healthcare,3250
2201,森永製菓,Consumer Defensive,3050
2204,中  村  屋,Consumer Defensive,3050
2206,江崎グリコ,Consumer Defensive,3050
2207,ｍｅｉｔｏ,Consumer Defensive,3050
2208,ブルボン,Consumer Defensive,3050
2209,井村屋グループ,Consumer Defensive,3050
220A,ＦａｂｅｒＣｏｍｐａｎｙ,Communication Services,5250
2211,不  二  家,Consumer Defensive,3050
2212,山崎製パン,Consumer Defensive,3050
2215,第一屋製パン,Consumer Defensive,3050
2216,カ  ン  ロ,Consumer Defensive,3050
2217,モロゾフ,Consumer Defensive,3050
2220,亀田製菓,Consumer Defensive,3050
2221,岩塚製菓,Consumer Defensive,3050
2222,寿スピリッツ,Consumer Defensive,3050
2224,コモ,Consumer Defensive,3050
2226,湖池屋,Consumer Defensive,3050
2229,カルビー,Consumer Defensive,3050
2264,森永乳業,Consumer Defensive,3050
2266,六甲バター,Consumer Defensive,3050
2267,ヤクルト本社,Consumer Defensive,3050
2268,Ｂ－Ｒサーティワン,Consumer Defensive,3050
2269,明治ホールディングス,Consumer Defensive,3050
2270,雪印メグミルク,Consumer Defensive,3050
2281,プリマ  ハム,Consumer Defensive,3050
2282,日本ハム,Consumer Defensive,3050
2286,林兼産業,Consumer Defensive,3050
2288,丸大食品,Consumer Defensive,3050
228A,オプロ,Communication Services,5250
2291,福留ハム,Consumer Defensive,3050
2292,Ｓ  Ｆｏｏｄｓ,Consumer Defensive,3050
2293,滝沢ハム,Consumer Defensive,3050
2294,柿安本店,Consumer Defensive,3050
2296,伊藤ハム米久ＨＤ,Consumer Defensive,3050
2300,きょくとう,Industrials,9050
2301,学    情,Industrials,9050
2303,ドーン,Communication Services,5250
2304,ＣＳＳホールディングス,Industrials,9050
2305,スタジオ  アリス,Industrials,9050
2307,クロスキャット,Communication Services,5250
2311,エ  プ  コ,Industrials,9050
2315,ＣＡＩＣＡ  ＤＩＧＩＴＡ,Communication Services,5250
2317,システナ,Communication Services,5250
2321,ソフトフロントＨＤ,Communication Services,5250
2323,ｆｏｎｆｕｎ,Communication Services,5250
2325,Ｎ  Ｊ  Ｓ,Industrials,9050
2326,デジタルアーツ,Communication Services,5250
2327,日鉄ソリューションズ,Communication Services,5250
2329,東北新社,Communication Services,5250
2330,フォーサイド,Communication Services,5250
2331,ＡＬＳＯＫ,Industrials,9050
2332,クエスト,Communication Services,5250
2334,イオレ,Industrials,9050
2335,キューブシステム,Communication Services,5250
2337,い  ち  ご,Real Estate,8050
2338,クオンタムソリューション,Communication Services,5250
2340,極楽湯ＨＤ,Industrials,9050
2341,アルバイトタイムス,Industrials,9050
2342,トランスジェニックＧ,Industrials,9050
2345,ＨＯＤＬ１,Communication Services,5250
2349,エヌアイデイ,Communication Services,5250
2351,ＡＳＪ,Communication Services,5250
2353,日本駐車場開発,Real Estate,8050
2354,ＹＥ  ＤＩＧＩＴＡＬ,Communication Services,5250
2359,コ    ア,Communication Services,5250
2370,メディネット,Industrials,9050
2371,カカクコム,Industrials,9050
2373,ケア２１,Industrials,9050
2375,ギグワークス,Industrials,9050
2376,サイネックス,Industrials,9050
2378,ルネサンス,Industrials,9050
2379,ディップ,Industrials,9050
2384,ＳＢＳホールディングス,Industrials,5050
2385,総医研ホールディングス,Industrials,9050
2388,ウェッジホールディングス,Financials,7200
2391,プラネット,Industrials,9050
2393,日本ケアサプライ,Industrials,9050
2395,新日本科学,Industrials,9050
2404,鉄人化ホールディングス,Industrials,9050
2408,ＫＧ情報,Industrials,9050
2410,キャリアデザインセンター,Industrials,9050
2411,ゲンダイエージェンシー,Communication Services,5250
2413,エムスリー,Industrials,9050
2415,ヒューマンＨＤ,Industrials,9050
2418,ツカダ・グローバル  ＨＤ,Industrials,9050
241A,ＲＯＸＸ,Communication Services,5250
2424,ブ  ラ  ス,Industrials,9050
2425,ケアサービス,Industrials,9050
2428,ウェルネット,Industrials,9050
2429,ワールドホールディングス,Industrials,9050
2432,ディー・エヌ・エー,Communication Services,5250
2433,博報堂ＤＹ  ＨＤ,Industrials,9050
2435,シダ－,Industrials,9050
2436,共同ピーアール,Industrials,9050
2437,ＳｈｉｎｗａＷｉｓｅＨＤ,Industrials,9050
2438,アスカネット,Industrials,9050
2440,ぐるなび,Industrials,9050
2445,タカミヤ,Industrials,9050
2449,プラップジャパン,Industrials,9050
244A,グロースエクスパートナー,Communication Services,5250
2454,オールアバウト,Industrials,9050
2459,アウン  コンサルティング,Industrials,9050
245A,ＩＮＧＳ,Consumer Cyclical,6100
2461,ファンコミュニケーション,Industrials,9050
2462,ラ  イ  ク,Industrials,9050
2464,Ａｏｂａ－ＢＢＴ,Industrials,9050
2469,ヒビノ,Industrials,9050
246A,アスア,Industrials,9050
2471,エスプール,Industrials,9050
2475,ＷＤＢホールディングス,Industrials,9050
2477,手間いらず,Communication Services,5250
2479,ジェイテック,Industrials,9050
247A,Ａｉロボティクス,Materials,3200
2480,システム・ロケーション,Communication Services,5250
2481,タウンニュース社,Industrials,9050
2483,翻訳センター,Industrials,9050
2484,出前館,Communication Services,5250
2485,テ  ィ  ア,Industrials,9050
2488,ＪＴＰ,Industrials,9050
2489,アドウェイズ,Industrials,9050
248A,キッズスター,Communication Services,5250
2491,バリューコマース,Industrials,9050
2492,インフォマート,Industrials,9050
2493,イーサポートリンク,Industrials,9050
2497,ユナイテッド,Industrials,9050
2498,オリエンタルコンサルＨＤ,Industrials,9050
2499,日本和装ホールディングス,Industrials,9050
2501,サッポロビール,Consumer Defensive,3050
2502,アサヒグループ  ＨＤ,Consumer Defensive,3050
2503,キリン  ホールディングス,Consumer Defensive,3050
250A,シマダヤ,Consumer Defensive,3050
2531,宝ホールディングス,Consumer Defensive,3050
2533,オエノンホールディングス,Consumer Defensive,3050
253A,ＥＴＳグループ,Industrials,2050
254A,ＡＩフュージョン,Financials,7100
255A,ジーエルテクノＨＤ,Technology,3750
256A,飛島ＨＤ,Industrials,2050
2573,北海道コカ・コーラ,Consumer Defensive,3050
2579,コカ・コーラボトラーズＪ,Consumer Defensive,3050
2585,ライフドリンクカンパニー,Consumer Defensive,3050
2586,フルッタフルッタ,Consumer Defensive,3050
2587,サントリービバレッジ＆フ,Consumer Defensive,3050
2588,プレミアムウォーターＨＤ,Consumer Defensive,3050
2590,ダイドーグループＨＤ,Consumer Defensive,3050
2593,伊  藤  園,Consumer Defensive,3050
2594,キーコーヒー,Consumer Defensive,3050
2597,ユニカフェ,Consumer Defensive,3050
2602,日清オイリオグループ,Consumer Defensive,3050
2607,不二製油,Consumer Defensive,3050
2612,かどや製油,Consumer Defensive,3050
2613,Ｊ－オイル  ミルズ,Consumer Defensive,3050
261A,日水コン,Industrials,9050
262A,インターメスティック,Consumer Cyclical,6100
264A,Ｓｃｈｏｏ,Industrials,9050
2652,まんだらけ,Consumer Cyclical,6100
2653,イオン九州,Consumer Cyclical,6100
2654,ア  ス  モ,Consumer Cyclical,6100
2656,ベクターホールディングス,Consumer Cyclical,6100
2659,サンエー,Consumer Cyclical,6100
265A,Ｈｍｃｏｍｍ,Communication Services,5250
2664,カワチ薬品,Consumer Cyclical,6100
2666,オートウェーブ,Consumer Cyclical,6100
2667,イメージワン,Industrials,6050
2668,タ  ビ  オ,Industrials,6050
2669,カネ美食品,Consumer Cyclical,6100
2670,エービーシー・マート,Consumer Cyclical,6100
2673,夢みつけ隊,Consumer Cyclical,6100
2674,ハードオフ  コーポレ,Consumer Cyclical,6100
2676,高千穂交易,Industrials,6050
2678,アスクル,Consumer Cyclical,6100
2681,ゲオホールディングス,Consumer Cyclical,6100
2683,ＵＯＧｒｏｕｐ,Consumer Cyclical,6100
2685,アンドエスティＨＤ,Consumer Cyclical,6100
2687,ＣＶＳ・ベイエリア,Industrials,9050
2689,オルバディーブイエックス,Industrials,6050
268A,リガク・ホールディングス,Technology,3750
2693,ＹＫＴ,Industrials,6050
2694,焼肉坂井ＨＤ,Consumer Cyclical,6100
2695,くら寿司,Consumer Cyclical,6100
2698,キャンドゥ,Consumer Cyclical,6100
269A,Ｓａｐｅｅｔ,Communication Services,5250
2700,木徳神糧,Industrials,6050
2702,日本マクドナルドＨＤ,Consumer Cyclical,6100
2705,大戸屋ホールディングス,Consumer Cyclical,6100
2708,久世,Industrials,6050
2721,ジェイホールディングス,Industrials,6050
2722,ＩＫホールディングス,Consumer Cyclical,6100
2726,パルグループＨＤ,Consumer Cyclical,6100
2730,エディオン,Consumer Cyclical,6100
2733,あ  ら  た,Industrials,6050
2734,サーラ  コーポレーション,Consumer Cyclical,6100
2735,ワ  ッ  ツ,Consumer Cyclical,6100
2736,フェスタリアＨＤ,Consumer Cyclical,6100
2737,トーメンデバイス,Industrials,6050
2742,ハローズ,Consumer Cyclical,6100
2747,北雄ラッキー,Consumer Cyclical,6100
2749,ＪＰホールディングス,Industrials,9050
274A,ガーデン,Consumer Cyclical,6100
2750,石光商事,Industrials,6050
2751,テンポスホールディングス,Industrials,6050
2752,フジオフードグループ本社,Consumer Cyclical,6100
2753,あみやき亭,Consumer Cyclical,6100
2760,東京エレクトロンデバイス,Industrials,6050
2762,ＳＡＮＫＯ  ＭＦ,Consumer Cyclical,6100
2764,ひらまつ,Consumer Cyclical,6100
2767,円谷フィールズＨＤ,Industrials,6050
2768,双    日,Industrials,6050
2769,ヴィレッジヴァンガード,Consumer Cyclical,6100
276A,ククレブ・アドバイザーズ,Real Estate,8050
2776,新都ホールディングス,Industrials,6050
2778,パレモ・ホールディングス,Consumer Cyclical,6100
277A,グロービング,Industrials,9050
2780,コメ兵ホールディングス,Consumer Cyclical,6100
2782,セリア,Consumer Cyclical,6100
2784,アルフレッサ  ＨＤ,Industrials,6050
2788,アップル,Industrials,6050
2789,カルラ,Consumer Cyclical,6100
278A,Ｔｅｒｒａ  Ｄｒｏｎｅ,Technology,3750
2790,ナフコ,Consumer Cyclical,6100
2791,大黒天物産,Consumer Cyclical,6100
2792,ハニーズホールディングス,Consumer Cyclical,6100
2795,日本プリメックス,Industrials,6050
2796,ファーマライズＨＤ,Consumer Cyclical,6100
2798,ワイズテーブル,Consumer Cyclical,6100
2801,キッコーマン,Consumer Defensive,3050
2802,味  の  素,Consumer Defensive,3050
2804,ブルドックソース,Consumer Defensive,3050
2805,エスビー食品,Consumer Defensive,3050
2806,ユタカフーズ,Consumer Defensive,3050
2809,キューピー,Consumer Defensive,3050
280A,ＴＭＨ,Industrials,6050
2810,ハウス食品グループ本社,Consumer Defensive,3050
2811,カ  ゴ  メ,Consumer Defensive,3050
2813,和弘食品,Consumer Defensive,3050
2814,佐藤食品工業,Consumer Defensive,3050
2815,アリアケジャパン,Consumer Defensive,3050
2816,ダイショー,Consumer Defensive,3050
2818,ピエトロ,Consumer Defensive,3050
2819,エバラ食品工業,Consumer Defensive,3050
281A,インフォメティス,Communication Services,5250
2820,や  ま  み,Consumer Defensive,3050
2831,はごろもフーズ,Consumer Defensive,3050
285A,キオクシアＨＤ,Technology,3650
286A,ユカリア,Industrials,9050
2871,ニチレイ,Consumer Defensive,3050
2872,セイヒョー,Consumer Defensive,3050
2874,横浜冷凍,Industrials,6050
2875,東洋水産,Consumer Defensive,3050
2876,デルソーレ,Consumer Defensive,3050
2877,日東ベスト,Consumer Defensive,3050
287A,黒田グループ,Industrials,6050
2882,イートアンドホールディン,Consumer Defensive,3050
2883,大    冷,Consumer Defensive,3050
2884,ヨシムラ・フード・ＨＤ,Consumer Defensive,3050
288A,ラクサス・テクノロジーズ,Industrials,9050
2892,日本食品化工,Consumer Defensive,3050
2894,石井食品,Consumer Defensive,3050
2897,日清食品ホールディングス,Consumer Defensive,3050
2901,ウェルディッシュ,Consumer Defensive,3050
2903,シノブフーズ,Consumer Defensive,3050
2904,一正蒲鉾,Consumer Defensive,3050
2907,あじかん,Consumer Defensive,3050
2908,フジッコ,Consumer Defensive,3050
290A,Ｓｙｎｓｐｅｃｔｉｖｅ,Communication Services,5250
2910,ロック・フィールド,Consumer Defensive,3050
2911,旭松食品,Consumer Defensive,3050
2914,日本たばこ産業,Consumer Defensive,3050
2915,ケンコーマヨネーズ,Consumer Defensive,3050
2916,仙波糖化工業,Consumer Defensive,3050
2917,大森屋,Consumer Defensive,3050
2918,わらべや日洋ＨＤ,Consumer Defensive,3050
291A,リスキル,Industrials,9050
2922,な  と  り,Consumer Defensive,3050
2923,サトウ食品,Consumer Defensive,3050
2924,イフジ産業,Consumer Defensive,3050
2926,篠  崎  屋,Consumer Defensive,3050
2927,ＡＦＣ－ＨＤアムスライフ,Consumer Defensive,3050
2929,ファーマフーズ,Consumer Defensive,3050
2930,北の達人コーポレーション,Materials,3200
2931,ユーグレナ,Consumer Defensive,3050
2932,ＳＴＩフードＨＤ,Consumer Defensive,3050
2933,紀文食品,Consumer Defensive,3050
2934,ジェイフロンティア,Consumer Defensive,3050
2935,ピックルスホールディング,Consumer Defensive,3050
2936,ベースフード,Consumer Defensive,3050
2937,サンクゼール,Consumer Defensive,3050
2938,オカムラ食品工業,Consumer Defensive,3050
2961,日本調理機,Materials,3550
2962,テクニスコ,Materials,3550
296A,令和ＡＨ,Industrials,9050
2970,ＧＬＣ  ＧＲＯＵＰ,Real Estate,8050
2975,スター・マイカＨＤ,Real Estate,8050
2978,ツクルバ,Real Estate,8050
297A,アルピコＨＤ,Consumer Cyclical,6100
2980,ＳＲＥホールディングス,Real Estate,8050
2981,ランディックス,Real Estate,8050
2982,ＡＤワークスグループ,Real Estate,8050
2983,アールプランナー,Real Estate,8050
2984,ヤマイチエステート,Real Estate,8050
2986,ＬＡホールディングス,Real Estate,8050
298A,ＧＶＡ  ＴＥＣＨ,Communication Services,5250
2991,ランドネット,Real Estate,8050
2993,長    栄,Real Estate,8050
2997,ストレージ王,Real Estate,8050
2998,クリアル,Real Estate,8050
2999,ホームポジション,Real Estate,8050
299A,クラシル,Industrials,9050
3001,片倉工業,Consumer Cyclical,3100
3002,グ  ン  ゼ,Consumer Cyclical,3100
3003,ヒューリック,Real Estate,8050
3004,神    栄,Industrials,6050
300A,ＭＩＣ,Industrials,9050
3010,ポラリス・ホールディング,Industrials,9050
3011,バナーズ,Consumer Cyclical,6100
3020,アプライド,Consumer Cyclical,6100
3021,パシフィックネット,Industrials,9050
3023,ラサ商事,Industrials,6050
3024,クリエイト,Industrials,6050
3028,アルペン,Consumer Cyclical,6100
302A,ビースタイルＨＤ,Industrials,9050
3030,ハ    ブ,Consumer Cyclical,6100
3031,ラクーンホールディングス,Communication Services,5250
3034,クオールホールディングス,Consumer Cyclical,6100
3035,ケイティケイ,Industrials,6050
3036,アルコニックス,Industrials,6050
3038,神戸物産,Industrials,6050
303A,ｖｉｓｕｍｏ,Communication Services,5250
3040,ソリトンシステムズ,Communication Services,5250
3041,ビューティカダンＨＤ,Industrials,6050
3042,セキュアヴェイル,Communication Services,5250
3045,カワサキ,Industrials,6050
3046,ジンズホールディングス,Consumer Cyclical,6100
3048,ビックカメラ,Consumer Cyclical,6100
304A,フォルシア,Communication Services,5250
3050,ＤＣＭホールディングス,Consumer Cyclical,6100
3053,ペッパーフード,Consumer Cyclical,6100
3054,ハイパー,Industrials,6050
3058,三洋堂ホールディングス,Consumer Cyclical,6100
3059,ヒ  ラ  キ,Consumer Cyclical,6100
3063,ジェイグループ  ＨＤ,Consumer Cyclical,6100
3064,ＭｏｎｏｔａＲＯ,Consumer Cyclical,6100
3065,ライフフーズ,Consumer Cyclical,6100
3067,東京一番フーズ,Consumer Cyclical,6100
3068,ＷＤＩ,Consumer Cyclical,6100
3069,ＪＦＬＡホールディングス,Consumer Defensive,3050
3070,ジェリービーンズグループ,Industrials,6050
3071,ストリーム,Consumer Cyclical,6100
3075,銚子丸,Consumer Cyclical,6100
3076,あい  ホールディングス,Industrials,6050
3077,ホリイフードサービス,Consumer Cyclical,6100
3080,ジェーソン,Consumer Cyclical,6100
3082,きちりホールディングス,Consumer Cyclical,6100
3083,スターシーズ,Consumer Cyclical,6100
3086,Ｊ．フロントリテイリング,Consumer Cyclical,6100
3087,ドトール・日レス  ＨＤ,Consumer Cyclical,6100
3088,マツキヨココカラ,Consumer Cyclical,6100
3089,テクノアルファ,Industrials,6050
3091,ブロンコビリー,Consumer Cyclical,6100
3092,ＺＯＺＯ,Consumer Cyclical,6100
3093,トレジャー・ファクトリー,Consumer Cyclical,6100
3096,オーシャンシステム,Consumer Cyclical,6100
3097,物語コーポレーション,Consumer Cyclical,6100
3099,三越伊勢丹  ＨＤ,Consumer Cyclical,6100
3101,東  洋  紡,Materials,3200
3103,ユニチカ,Consumer Cyclical,3100
3104,富士紡ホールディングス,Consumer Cyclical,3100
3105,日清紡ホールディングス,Technology,3650
3106,倉敷紡績,Consumer Cyclical,3100
3107,ダイワボウ  ＨＤ,Industrials,6050
3109,シキボウ,Consumer Cyclical,3100
3110,日東紡績,Materials,3400
3111,オーミケンシ,Consumer Cyclical,3100
3113,ＵＮＩＶＡ・Ｏａｋ  ＨＤ,Financials,7100
3116,トヨタ紡織,Consumer Cyclical,3700
3121,マーチャント・バンカーズ,Industrials,9050
3123,サイボー,Consumer Cyclical,3100
3131,シンデン・ハイテックス,Industrials,6050
3132,マクニカホールディングス,Industrials,6050
3133,海帆,Consumer Cyclical,6100
3134,Ｈａｍｅｅ,Consumer Cyclical,6100
3135,マーケットエンター,Consumer Cyclical,6100
3137,ファンデリー,Consumer Cyclical,6100
3138,富士山マガジンサービス,Consumer Cyclical,6100
3139,ラクト・ジャパン,Industrials,6050
3140,ＢＲＵＮＯ,Industrials,6050
3143,オーウイル,Industrials,6050
3148,クリエイトＳＤ  ＨＤ,Consumer Cyclical,6100
3150,グリムス,Utilities,4050
3151,バイタルケーエスケーＨＤ,Industrials,6050
3153,八洲電機,Industrials,6050
3154,メディアスＨＤ,Industrials,6050
3156,レスター,Industrials,6050
3157,ジオリーブグループ,Industrials,6050
3159,丸善ＣＨＩ  ＨＤ,Consumer Cyclical,6100
3160,大    光,Industrials,6050
3161,アゼアス,Industrials,6050
3166,ＯＣＨＩホールディングス,Industrials,6050
3167,ＴＯＫＡＩ  ＨＤ,Industrials,6050
3168,ＭＥＲＦ,Industrials,6050
3169,ミ  サ  ワ,Consumer Cyclical,6100
3172,ティーライフ,Consumer Cyclical,6100
3173,Ｃｏｍｉｎｉｘ,Industrials,6050
3174,ハピネス・アンド・ディ,Consumer Cyclical,6100
3175,エー・ピーホールディング,Consumer Cyclical,6100
3176,三洋貿易,Industrials,6050
3177,ありがとうサービス,Consumer Cyclical,6100
3178,チムニー,Consumer Cyclical,6100
3179,シュッピン,Consumer Cyclical,6100
3180,ビューティガレージ,Industrials,6050
3181,買取王国,Consumer Cyclical,6100
3182,オイシックス,Consumer Cyclical,6100
3183,ウイン・パートナーズ,Industrials,6050
3184,ＩＣＤＡホールディングス,Consumer Cyclical,6100
3185,夢展望,Consumer Cyclical,6100
3186,ネクステージ,Consumer Cyclical,6100
3187,ミラタップ,Consumer Cyclical,6100
3189,ＡＮＡＰホールディングス,Consumer Cyclical,6100
3190,ホットマン,Consumer Cyclical,6100
3191,ジョイフル本田,Consumer Cyclical,6100
3192,白鳩,Consumer Cyclical,6100
3193,エターナルホスピタリティ,Consumer Cyclical,6100
3195,ジェネレーションパス,Consumer Cyclical,6100
3196,ホットランドＨＤ,Consumer Cyclical,6100
3197,すかいらーくＨＤ,Consumer Cyclical,6100
3199,綿半ホールディングス,Consumer Cyclical,6100
319A,技術承継機構,Materials,3550
3201,日本毛織,Consumer Cyclical,3100
3202,ダイトウボウ,Consumer Cyclical,3100
3204,トーア紡コーポレーション,Consumer Cyclical,3100
3205,ダイドーリミテッド,Consumer Cyclical,3100
3221,ヨシックスＨＤ,Consumer Cyclical,6100
3222,ユナイテッドスーパーＨＤ,Consumer Cyclical,6100
3223,エスエルディー,Consumer Cyclical,6100
3224,ゼネラル・オイスター,Consumer Cyclical,6100
3231,野村不動産  ＨＤ,Real Estate,8050
3232,三重交通グループ  ＨＤ,Real Estate,8050
3236,プロパスト,Real Estate,8050
3237,イントランス,Real Estate,8050
3238,セントラル総合開発,Real Estate,8050
323A,フライヤー,Communication Services,5250
3241,ウ  ィ  ル,Real Estate,8050
3242,アーバネットコーポレ,Real Estate,8050
3245,ディア・ライフ,Real Estate,8050
3246,コーセーアールイー,Real Estate,8050
3248,アールエイジ,Real Estate,8050
324A,ブッキングリゾート,Industrials,9050
3252,地    主,Real Estate,8050
325A,ＴＥＮＴＩＡＬ,Consumer Cyclical,3100
3261,グランディーズ,Real Estate,8050
3266,ファンドクリエーションＧ,Real Estate,8050
3267,フィル・カンパニー,Industrials,2050
3276,ＪＰＭＣ,Real Estate,8050
3277,サンセイランディック,Real Estate,8050
3280,エストラスト,Real Estate,8050
3284,フージャースＨＤ,Real Estate,8050
3286,トラストホールディングス,Real Estate,8050
3288,オープンハウスグループ,Real Estate,8050
3289,東急不動産  ＨＤ,Real Estate,8050
3291,飯田グループ  ＨＤ,Real Estate,8050
3293,アズマハウス,Real Estate,8050
3297,東武住販,Real Estate,8050
3299,ムゲンエステート,Real Estate,8050
3300,アンビション  ＤＸ  ＨＤ,Real Estate,8050
3302,帝国繊維,Consumer Cyclical,3100
3306,日本製麻,Industrials,6050
330A,ＴａｌｅｎｔＸ,Communication Services,5250
3315,日本コークス工業,Energy,3300
3317,フライングガーデン,Consumer Cyclical,6100
331A,メディックス,Industrials,9050
3320,クロスプラス,Industrials,6050
3321,ミタチ産業,Industrials,6050
3323,レカム,Industrials,6050
3326,ランシステム,Industrials,9050
3329,東和フードサービス,Consumer Cyclical,6100
332A,ミーク,Communication Services,5250
3333,あ  さ  ひ,Consumer Cyclical,6100
3349,コスモス薬品,Consumer Cyclical,6100
334A,ＶＰＪ,Communication Services,5250
3350,メタプラネット,Industrials,6050
3352,バッファロー,Consumer Cyclical,6100
3353,メディカル一光グループ,Consumer Cyclical,6100
3355,クリヤマホールディングス,Industrials,6050
3358,Ｔｒａｉｌｈｅａｄ,Consumer Cyclical,6100
3359,ｃｏｔｔａ,Industrials,6050
335A,ミライロ,Communication Services,5250
3360,シップヘルスケア  ＨＤ,Industrials,6050
3361,トーエル,Consumer Cyclical,6100
336A,ダイナミックマップ,Communication Services,5250
3370,フジタコーポレーション,Consumer Cyclical,6100
3371,ソフトクリエイト  ＨＤ,Communication Services,5250
3372,関  門  海,Consumer Cyclical,6100
3374,内外テック,Industrials,6050
3375,ＺＯＡ,Consumer Cyclical,6100
3377,バイク王＆カンパニー,Industrials,6050
3382,セブン＆アイ・ＨＤ,Consumer Cyclical,6100
3386,コスモ・バイオ,Industrials,6050
3387,クリエイト・レストランツ,Consumer Cyclical,6100
3388,明治電機工業,Industrials,6050
338A,ＺｅｎｍｕＴｅｃｈ,Communication Services,5250
3391,ツルハ  ホールディングス,Consumer Cyclical,6100
3392,デリカフーズＨＤ,Industrials,6050
3393,スターティアＨＤ,Industrials,6050
3395,サンマルク  ＨＤ,Consumer Cyclical,6100
3396,フェリシモ,Consumer Cyclical,6100
3397,トリドールＨＤ,Consumer Cyclical,6100
3399,丸千代山岡家,Consumer Cyclical,6100
339A,プログレス,Industrials,9050
3401,帝    人,Consumer Cyclical,3100
3402,東    レ,Consumer Cyclical,3100
3405,ク  ラ  レ,Materials,3200
3407,旭  化  成,Materials,3200
3409,北紡,Consumer Cyclical,3100
340A,ジグザグ,Communication Services,5250
3415,ＴＯＫＹＯ  ＢＡＳＥ,Consumer Cyclical,6100
3416,ピクスタ,Consumer Cyclical,6100
3417,大木ヘルスケアＨＤ,Industrials,6050
3418,バルニバービ,Consumer Cyclical,6100
341A,トヨコー,Industrials,2050
3420,ケー・エフ・シー,Materials,3550
3421,稲葉製作所,Materials,3550
3422,Ｊ－ＭＡＸ,Materials,3550
3423,エスイー,Materials,3550
3426,アトムリビンテック,Materials,3550
3431,宮地エンジニアリング,Materials,3550
3433,トーカロ,Materials,3550
3434,アルファＣｏ,Materials,3550
3435,サンコーテクノ,Materials,3550
3436,ＳＵＭＣＯ,Materials,3550
3437,特殊電極,Materials,3550
3439,三ツ知,Materials,3550
343A,ＩＡＣＥトラベル,Industrials,9050
3440,日創グループ,Materials,3550
3441,山王,Materials,3550
3443,川田テクノロジーズ,Materials,3550
3444,菊池製作所,Materials,3550
3445,ＲＳ  Ｔｅｃｈｎｏ,Materials,3550
3446,ジェイテックコーポレ,Materials,3550
3447,信    和,Materials,3550
3449,テクノフレックス,Materials,3550
3452,ビーロット,Real Estate,8050
3454,ファーストブラザーズ,Real Estate,8050
3457,Ａｎｄ  Ｄｏホールディン,Real Estate,8050
3461,パルマ,Real Estate,8050
3465,ケイアイスター不動産,Real Estate,8050
3467,アグレ都市デザイン,Real Estate,8050
3469,デュアルタップ,Real Estate,8050
3474,Ｇ－ＦＡＣＴＯＲＹ,Real Estate,8050
3475,グッドコムアセット,Real Estate,8050
3477,フォーライフ,Real Estate,8050
3479,ＴＫＰ,Real Estate,8050
3482,ロードスターキャピタル,Real Estate,8050
3484,イノベーションＨＤ,Real Estate,8050
3486,グローバル・リンク,Real Estate,8050
3489,フェイスネットワーク,Real Estate,8050
3490,アズ企画設計,Real Estate,8050
3491,ＧＡ  ｔｅｃｈｎｏ,Real Estate,8050
3494,マリオン,Real Estate,8050
3495,香陵住販,Real Estate,8050
3496,アズーム,Real Estate,8050
3498,霞ヶ関キャピタル,Real Estate,8050
3501,ＳＵＭＩＮＯＥ,Consumer Cyclical,3100
350A,デジタルグリッド,Utilities,4050
3512,日本フェルト,Consumer Cyclical,3100
3513,イチカワ,Consumer Cyclical,3100
3521,テルマー湯ＨＤ,Industrials,9050
3524,日東製網,Consumer Cyclical,3100
3529,ア  ツ  ギ,Consumer Cyclical,3100
352A,ＬＯＩＶＥ,Industrials,9050
3536,アクサスホールディングス,Consumer Cyclical,6100
3537,昭栄薬品,Industrials,6050
3538,ウイルプラスＨＤ,Consumer Cyclical,6100
3539,ＪＭホールディングス,Consumer Cyclical,6100
3542,ベガコーポレーション,Consumer Cyclical,6100
3543,コメダホールディングス,Industrials,6050
3544,サツドラホールディングス,Consumer Cyclical,6100
3547,ユニシアホールディングス,Consumer Cyclical,6100
3548,バロックジャパン,Consumer Cyclical,6100
3549,クスリのアオキＨＤ,Consumer Cyclical,6100
3550,スタジオアタオ,Consumer Cyclical,6100
3551,ダイニック,Consumer Cyclical,3100
3553,共和レザー,Materials,3200
3556,リネットジャパングループ,Consumer Cyclical,6100
3557,ユナイテッド＆コレクティ,Consumer Cyclical,6100
3558,ジェイドグループ,Consumer Cyclical,6100
3559,ピーバンドットコム,Industrials,6050
3560,ほぼ日,Consumer Cyclical,6100
3561,力の源ホールディングス,Consumer Cyclical,6100
3562,ＮＯ．１,Industrials,6050
3563,ＦＯＯＤ  ＆  ＬＩＦＥ,Consumer Cyclical,6100
3565,アセンテック,Industrials,6050
3566,ユニフォームネクスト,Consumer Cyclical,6100
3569,セーレン,Consumer Cyclical,3100
3571,ソ  ト  ー,Consumer Cyclical,3100
3577,東海染工,Consumer Cyclical,3100
3580,小松マテーレ,Consumer Cyclical,3100
3583,オーベクス,Consumer Cyclical,3100
3591,ワコールホールディングス,Consumer Cyclical,3100
3597,自  重  堂,Consumer Cyclical,3100
3598,山    喜,Consumer Cyclical,3100
3600,フジックス,Consumer Cyclical,3100
3607,クラウディアＨＤ,Consumer Cyclical,3100
3608,ＴＳＩホールディングス,Consumer Cyclical,3100
3611,マツオカコーポレーション,Consumer Cyclical,3100
3612,ワールド,Consumer Cyclical,3100
3622,ネットイヤーグループ,Communication Services,5250
3623,ビリングシステム,Communication Services,5250
3624,アクセルマーク,Communication Services,5250
3625,テックファーム  ＨＤ,Communication Services,5250
3626,ＴＩＳＩ,Communication Services,5250
3627,テクミラホールディングス,Communication Services,5250
3628,データホライゾン,Communication Services,5250
3632,グリーホールディングス,Communication Services,5250
3633,ＧＭＯペパボ,Communication Services,5250
3634,ソケッツ,Communication Services,5250
3635,コーエーテクモ  ＨＤ,Communication Services,5250
3636,三菱総合研究所,Communication Services,5250
3639,ボルテージ,Communication Services,5250
3640,電    算,Communication Services,5250
3641,パピレス,Communication Services,5250
3645,メディカルネット,Communication Services,5250
3646,駅探,Communication Services,5250
3647,アスリナ,Communication Services,5250
3648,Ａ  Ｇ  Ｓ,Communication Services,5250
3649,ファインデックス,Communication Services,5250
3652,ディジタルメディア,Communication Services,5250
3653,モルフォ,Communication Services,5250
3656,ＫＬａｂ,Communication Services,5250
3657,ポールトゥウィン  ＨＤ,Communication Services,5250
3659,ネクソン,Communication Services,5250
365A,伊澤タオル,Consumer Cyclical,3100
3660,アイスタイル,Communication Services,5250
3661,エムアップホールディング,Communication Services,5250
3662,エイチームホールディング,Communication Services,5250
3663,セルシス,Communication Services,5250
3664,ＷＩＺＥ,Communication Services,5250
3665,エニグモ,Communication Services,5250
3667,ｅｎｉｓｈ,Communication Services,5250
3668,コロプラ,Communication Services,5250
366A,ウェルネス・コミュニケ,Industrials,9050
3670,協立情報通信,Communication Services,5250
3671,ソフトマックス,Communication Services,5250
3672,オルトプラス,Communication Services,5250
3673,ブロードリーフ,Communication Services,5250
3674,オークファン,Communication Services,5250
3675,クロス・マーケティング,Communication Services,5250
3676,デジタルハーツ  ＨＤ,Communication Services,5250
3678,メディアドゥ,Communication Services,5250
3679,じ  げ  ん,Communication Services,5250
367A,プリモグローバルＨＤ,Consumer Cyclical,6100
3680,ホットリンク,Communication Services,5250
3682,エンカレッジ・テクノロジ,Communication Services,5250
3683,サイバーリンクス,Communication Services,5250
3686,ディー・エル・イー,Communication Services,5250
3687,フィックスターズ,Communication Services,5250
368A,北里,Technology,3750
3690,イルグルム,Communication Services,5250
3691,デジタルプラス,Communication Services,5250
3692,ＦＦＲＩセキュリティ,Communication Services,5250
3694,オプティム,Communication Services,5250
3695,ＧＭＯプロダクトプラット,Communication Services,5250
3696,セ  レ  ス,Communication Services,5250
3697,ＳＨＩＦＴ,Communication Services,5250
3698,ＣＲＩ・ミドルウェア,Communication Services,5250
369A,エータイ,Industrials,9050
3708,特種東海製紙,Materials,3150
3710,ジョルダン,Communication Services,5250
3712,情報企画,Communication Services,5250
3719,ＡＩストーム,Communication Services,5250
3723,日本ファルコム,Communication Services,5250
3726,フォーシーズＨＤ,Consumer Cyclical,6100
3727,アプリックス,Communication Services,5250
372A,レント,Industrials,9050
3733,ソフトウェア・サービス,Communication Services,5250
373A,リップス,Materials,3200
3741,セ  ッ  ク,Communication Services,5250
3744,サイオス,Communication Services,5250
3747,インタートレード,Communication Services,5250
3750,ＡＤＲバイオメディカル,Communication Services,5250
3753,フライトソリューションズ,Communication Services,5250
3758,アエリア,Communication Services,5250
3760,ケイブ,Communication Services,5250
3762,テクマトリックス,Communication Services,5250
3763,プロシップ,Communication Services,5250
3765,ガンホー・オンライン,Communication Services,5250
3766,システムズ・デザイン,Communication Services,5250
3768,リスクモンスター,Communication Services,5250
3769,ＧＭＯ  ペイメント,Communication Services,5250
3771,システムリサーチ,Communication Services,5250
3772,ウェルス・マネジメント,Real Estate,8050
3773,アドバンスト・メディア,Communication Services,5250
3774,ネット  イニシアティブ,Communication Services,5250
3776,ブロードバンドタワー,Communication Services,5250
3777,環境フレンドリーＨＤ,Communication Services,5250
3778,さくらインターネット,Communication Services,5250
3779,ジェイ・エスコムＨＤ,Communication Services,5250
3787,テクノマセマティカル,Communication Services,5250
3788,ＧＭＯグローバルＨＤ,Communication Services,5250
378A,ヒット,Industrials,9050
3791,ＩＧポート,Communication Services,5250
3793,ドリコム,Communication Services,5250
3796,いい生活,Communication Services,5250
3798,ＵＬＳグループ,Communication Services,5250
3799,キーウェアソリューション,Communication Services,5250
3800,ユニリタ,Communication Services,5250
3802,エコミック,Communication Services,5250
3803,イメージ情報開発,Communication Services,5250
3804,システム  ディ,Communication Services,5250
3807,フィスコ,Communication Services,5250
3810,サイバーステップＨＤ,Communication Services,5250
3815,メディア工房,Communication Services,5250
3816,大和コンピューター,Communication Services,5250
3817,ＳＲＡホールディングス,Communication Services,5250
3823,ＴＨＥ  ＷＨＹ  ＨＯＷ,Communication Services,5250
3825,リミックスポイント,Consumer Cyclical,6100
3826,システムインテグレータ,Communication Services,5250
3834,朝日ネット,Communication Services,5250
3835,ｅＢＡＳＥ,Communication Services,5250
3836,アバントグループ,Communication Services,5250
3837,アドソル日進,Communication Services,5250
3839,ＯＤＫソリューションズ,Communication Services,5250
3840,ヴイクトン,Communication Services,5250
3841,ジーダット,Communication Services,5250
3842,ネクストジェン,Communication Services,5250
3843,フリービット,Communication Services,5250
3844,コムチュア,Communication Services,5250
3845,アイフリークモバイル,Communication Services,5250
3848,データ・アプリケーション,Communication Services,5250
3850,ＮＴＴ  ＤＩＭ,Communication Services,5250
3851,日本一ソフトウェア,Communication Services,5250
3853,アステリア,Communication Services,5250
3854,ア  イ  ル,Communication Services,5250
3856,Ａｂａｌａｎｃｅ,Technology,3650
3858,ユビキタスＡＩ,Communication Services,5250
3861,王子ホールディングス,Materials,3150
3863,日本製紙,Materials,3150
3864,三菱製紙,Materials,3150
3865,北越コーポレーション,Materials,3150
386A,みのや,Consumer Cyclical,6100
3877,中越パルプ工業,Materials,3150
3878,巴川コーポレーション,Materials,3200
387A,フラー,Communication Services,5250
3880,大王製紙,Materials,3150
3891,ニッポン高度紙工業,Materials,3150
3892,岡山製紙,Materials,3150
3895,ハビックス,Materials,3150
3896,阿波製紙,Materials,3150
3900,クラウドワークス,Communication Services,5250
3901,マークラインズ,Communication Services,5250
3903,ｇｕｍｉ,Communication Services,5250
3904,カヤック,Communication Services,5250
3905,データセクション,Communication Services,5250
3907,シリコンスタジオ,Communication Services,5250
3908,コラボス,Communication Services,5250
3909,ショーケース,Communication Services,5250
3910,エムケイシステム,Communication Services,5250
3911,Ａｉｍｉｎｇ,Communication Services,5250
3912,モバイルファクトリー,Communication Services,5250
3913,ＧｒｅｅｎＢｅｅ,Communication Services,5250
3914,ＪＩＧ－ＳＡＷ,Communication Services,5250
3915,テラスカイ,Communication Services,5250
3916,Ｄ  Ｉ  Ｔ,Communication Services,5250
3917,アイリッジ,Communication Services,5250
3918,ＰＣＩホールディングス,Communication Services,5250
3920,アイビーシー,Communication Services,5250
3921,ネオジャパン,Communication Services,5250
3922,ＰＲ  ＴＩＭＥＳ,Communication Services,5250
3923,ラ  ク  ス,Communication Services,5250
3925,ダブルスタンダード,Communication Services,5250
3926,オープンドア,Communication Services,5250
3927,フーバーブレイン,Communication Services,5250
3928,マイネット,Communication Services,5250
3929,ソーシャルワイヤー,Communication Services,5250
3930,はてな,Communication Services,5250
3931,バリューゴルフ,Communication Services,5250
3932,アカツキ,Communication Services,5250
3933,チエル,Communication Services,5250
3934,ベネフィットジャパン,Communication Services,5250
3935,エディア,Communication Services,5250
3936,グローバルウェイ,Communication Services,5250
3937,Ｕｂｉｃｏｍ  ＨＤ,Communication Services,5250
3939,カナミックＮ,Communication Services,5250
3940,ノムラシステム,Communication Services,5250
3941,レンゴー,Materials,3150
3943,大石産業,Materials,3150
3944,古林紙工,Materials,3150
3945,スーパーバッグ,Materials,3150
3946,トーモク,Materials,3150
3947,ダイナパック,Materials,3150
3948,光ビジネスフォーム,Materials,3150
3950,ザ・パック,Materials,3150
3951,朝日印刷,Materials,3150
3953,大村紙業,Materials,3150
3954,昭和パックス,Materials,3150
3955,イ  ム  ラ,Materials,3150
3958,笹徳印刷,Materials,3150
3962,チェンジホールディングス,Communication Services,5250
3963,シンクロ・フード,Communication Services,5250
3964,オークネット,Communication Services,5250
3965,キャピタル・アセット,Communication Services,5250
3967,エルテス,Communication Services,5250
3968,セグエグループ,Communication Services,5250
3969,エイトレッド,Communication Services,5250
3970,イノベーション,Communication Services,5250
3974,ＳＣＡＴ,Communication Services,5250
3976,シャノン,Communication Services,5250
3979,うるる,Communication Services,5250
3981,ビーグリー,Communication Services,5250
3983,オ    ロ,Communication Services,5250
3984,ユーザーローカル,Communication Services,5250
3985,テ  モ  ナ,Communication Services,5250
3986,ビーブレイクシステムズ,Communication Services,5250
3987,エコモット,Communication Services,5250
3988,ＳＹＳホールディングス,Communication Services,5250
3989,シェアリングテクノロジー,Communication Services,5250
3991,ウォンテッドリー,Communication Services,5250
3992,ニーズウェル,Communication Services,5250
3993,ＰＫＳＨＡ,Communication Services,5250
3994,マネーフォワード,Communication Services,5250
3996,サインポスト,Communication Services,5250
3997,トレードワークス,Communication Services,5250
3998,すららネット,Communication Services,5250
4004,レゾナック・ＨＤ,Materials,3200
4005,住友化学,Materials,3200
4008,住友精化,Materials,3200
4011,ヘッドウォータース,Communication Services,5250
4012,アクシス,Communication Services,5250
4013,勤次郎,Communication Services,5250
4014,カラダノート,Communication Services,5250
4015,ペイクラウドＨＤ,Communication Services,5250
4016,ＭＩＴホールディングス,Communication Services,5250
4017,クリーマ,Communication Services,5250
4019,スタメン,Communication Services,5250
4020,ビートレンド,Communication Services,5250
4021,日産化学,Materials,3200
4022,ラサ工業,Materials,3200
4023,ク  レ  ハ,Materials,3200
4025,多木化学,Materials,3200
4026,神島化学工業,Materials,3400
4027,テ  イ  カ,Materials,3200
4028,石原産業,Materials,3200
402A,アクセルスペースＨＤ,Consumer Cyclical,3700
4031,片倉コープアグリ,Materials,3200
4040,南海化学,Materials,3200
4041,日本曹達,Materials,3200
4042,東  ソ  ー,Materials,3200
4043,トクヤマ,Materials,3200
4044,セントラル硝子,Materials,3200
4045,東亞合成,Materials,3200
4046,大阪ソーダ,Materials,3200
4047,関東電化工業,Materials,3200
4051,ＧＭＯフィナンシャル,Communication Services,5250
4052,フィーチャ,Communication Services,5250
4053,Ｓｕｎ  Ａｓｔｅｒｉｓｋ,Communication Services,5250
4054,日本情報クリエイト,Communication Services,5250
4055,ティアンドエスグループ,Communication Services,5250
4056,ニューラルグループ,Communication Services,5250
4057,インターファクトリー,Communication Services,5250
4058,トヨクモ,Communication Services,5250
4059,まぐまぐ,Communication Services,5250
4060,ｒａｋｕｍｏ,Communication Services,5250
4061,デ  ン  カ,Materials,3200
4062,イビデン,Technology,3650
4063,信越化学工業,Materials,3200
4064,日本カーバイド工業,Materials,3200
4068,ベイシス,Communication Services,5250
4069,ＢｌｕｅＭｅｍｅ,Communication Services,5250
4071,プラスアルファ・コンサル,Communication Services,5250
4072,電算システムＨＤ,Communication Services,5250
4073,ジィ・シィ企画,Communication Services,5250
4074,ラキール,Communication Services,5250
4075,ブレインズテクノロジー,Communication Services,5250
4076,シイエヌエス,Communication Services,5250
4078,堺化学工業,Materials,3200
407A,ＵＮＩＣＯＮ  ＨＤ,Industrials,2050
4082,第一稀元素化学工業,Materials,3200
4088,エア・ウォーター,Materials,3200
4091,日本酸素ホールディングス,Materials,3200
4092,日本化学工業,Materials,3200
4093,東邦アセチレン,Materials,3200
4094,日本化学産業,Materials,3200
4095,日本パーカライジング,Materials,3200
4097,高圧ガス工業,Materials,3200
4098,チタン工業,Materials,3200
4099,四国化成ホールディングス,Materials,3200
409A,オリオンビール,Consumer Defensive,3050
4100,戸田工業,Materials,3200
4102,丸尾カルシウム,Materials,3200
4107,伊勢化学工業,Materials,3200
4109,ステラ  ケミファ,Materials,3200
410A,ＧＭＯコマース,Industrials,9050
4112,保土谷化学工業,Materials,3200
4113,田岡化学工業,Materials,3200
4114,日本触媒,Materials,3200
4116,大日精化工業,Materials,3200
4118,カ  ネ  カ,Materials,3200
4119,日本ピグメントＨＤ,Materials,3200
4120,スガイ化学工業,Materials,3200
4124,大阪油化工業,Materials,3200
4125,三和油化工業,Materials,3200
414A,オーバーラップＨＤ,Communication Services,5250
4151,協和キリン,Healthcare,3250
415A,ＧＭＯ  ＴＥＣＨ  ＨＤ,Industrials,9050
4165,プレイド,Communication Services,5250
4166,かっこ,Communication Services,5250
4167,ココペリ,Communication Services,5250
4168,ヤプリ,Communication Services,5250
4169,ＥＮＥＣＨＡＮＧＥ,Communication Services,5250
416A,富士ユナイトＨＤ,Industrials,6050
4170,ＫａｉｚｅｎＰＦ,Communication Services,5250
4172,Ｈｉクラテス,Communication Services,5250
4174,アピリッツ,Communication Services,5250
4175,ｃｏｌｙ,Communication Services,5250
4176,ココナラ,Communication Services,5250
4177,ｉ－ｐｌｕｇ,Communication Services,5250
4178,Ｓイノベーション,Communication Services,5250
4179,ジーネクスト,Communication Services,5250
417A,ブルーゾーンＨＤ,Consumer Cyclical,6100
4180,Ａｐｐｉｅｒ  Ｇｒｏｕｐ,Communication Services,5250
4182,三菱瓦斯化学,Materials,3200
4183,三井化学,Materials,3200
4186,東京応化工業,Materials,3200
4187,大阪有機化学工業,Materials,3200
4188,三菱ケミカルグループ,Materials,3200
4189,ＫＨネオケム,Materials,3200
4192,スパイダープラス,Communication Services,5250
4193,ファブリカホールディング,Communication Services,5250
4194,ビジョナル,Communication Services,5250
4196,ネオマーケティング,Communication Services,5250
4197,アスマーク,Communication Services,5250
4198,テンダ,Communication Services,5250
4199,ワンダープラネット,Communication Services,5250
4202,ダイセル,Materials,3200
4203,住友ベークライト,Materials,3200
4204,積水化学工業,Materials,3200
4205,日本ゼオン,Materials,3200
4206,アイカ工業,Materials,3200
4208,Ｕ  Ｂ  Ｅ,Materials,3200
4212,積水樹脂,Materials,3200
4216,旭有機材,Materials,3200
4218,ニチバン,Materials,3200
421A,ムービン・ストラテジック,Industrials,9050
4220,リケンテクノス,Materials,3200
4221,大倉工業,Materials,3200
4222,児玉化学工業,Materials,3200
4224,ロンシール工業,Materials,3200
4228,積水化成品工業,Materials,3200
4229,群栄化学工業,Materials,3200
4231,タイガースポリマー,Materials,3200
4234,サンエー化研,Materials,3200
4235,ウルトラファブリックス,Materials,3200
4237,フジプレアム,Materials,3200
4238,ミライアル,Materials,3200
423A,ライオン事務器,Industrials,6050
4240,クラスターテクノロジー,Materials,3200
4241,アテクト,Materials,3200
4242,タカギセイコー,Materials,3200
4243,ニックス,Materials,3200
4245,ダイキアクシス,Materials,3200
4246,ダイキョーニシカワ,Materials,3200
4247,ポバール興業,Materials,3200
4248,竹本容器,Materials,3200
4249,森六,Materials,3200
4251,恵    和,Materials,3200
4255,ＴＨＥＣ００,Communication Services,5250
4256,サインド,Communication Services,5250
4258,網屋,Communication Services,5250
4259,エクサウィザーズ,Communication Services,5250
4260,ハイブリッドテクノロジー,Communication Services,5250
4261,アジアクエスト,Communication Services,5250
4262,ニフティライフスタイル,Communication Services,5250
4263,サスメド,Communication Services,5250
4264,セキュア,Communication Services,5250
4265,ＩＧＳ,Communication Services,5250
4270,ＢｅｅＸ,Communication Services,5250
4272,日本化薬,Materials,3200
4274,細谷火工,Materials,3200
4275,カーリット,Materials,3200
4284,ソルクシーズ,Communication Services,5250
4286,ＣＬホールディングス,Industrials,9050
4287,ジャストプランニング,Communication Services,5250
4288,アズジェント,Communication Services,5250
428A,サイプレスＨＤ,Consumer Cyclical,6100
4290,プレステージ・インター,Industrials,9050
4293,セプテーニ・ＨＤ,Industrials,9050
4299,ハイマックス,Communication Services,5250
429A,テクセンドフォトマスク,Industrials,3800
4301,アミューズ,Industrials,9050
4307,野村総合研究所,Communication Services,5250
4308,Ｊストリーム,Communication Services,5250
4310,ドリームインキュベータ,Industrials,9050
4316,ビーマップ,Communication Services,5250
4317,レイ,Industrials,9050
4318,クイック,Industrials,9050
431A,ユーソナー,Communication Services,5250
4320,ＣＥホールディングス,Communication Services,5250
4323,日本システム技術,Communication Services,5250
4324,電通グループ,Industrials,9050
4326,インテージ  ＨＤ,Communication Services,5250
4331,テイクアンドギヴ・ニーズ,Industrials,9050
4334,ユークス,Communication Services,5250
4335,ＩＰＳホールディングス,Communication Services,5250
4337,ぴ    あ,Industrials,9050
4341,西菱電機,Industrials,9050
4343,イオンファンタジー,Industrials,9050
4344,ソースネクスト,Communication Services,5250
4345,シーティーエス,Industrials,9050
4346,ＮＥＸＹＺ．Ｇｒｏｕｐ,Financials,7200
4347,ブロードメディア,Industrials,9050
4350,メディカルシステム,Consumer Cyclical,6100
4351,山田再生系債券回収,Financials,7200
4356,応用技術,Communication Services,5250
4360,マナック・ケミカルＰ,Materials,3200
4361,川口化学工業,Materials,3200
4362,日本精化,Materials,3200
4365,松本油脂製薬,Materials,3200
4366,ダイトーケミックス,Materials,3200
4368,扶桑化学工業,Materials,3200
4369,トリケミカル研究所,Materials,3200
436A,サイバーソリューションズ,Communication Services,5250
4370,モビルス,Communication Services,5250
4371,コアコンセプト・テクノ,Communication Services,5250
4372,ユミルリンク,Communication Services,5250
4373,シンプレクスＨＤ,Communication Services,5250
4374,ＲＯＢＯＴ  ＰＡＹＭＥＮ,Communication Services,5250
4375,セーフィー,Communication Services,5250
4376,くふうカンパニーＨＤ,Communication Services,5250
4377,ワンキャリア,Communication Services,5250
4378,ＣＩＮＣ,Communication Services,5250
4379,Ｐｈｏｔｏｓｙｎｔｈ,Communication Services,5250
4380,Ｍマート,Communication Services,5250
4381,ビープラッツ,Communication Services,5250
4382,ＨＥＲＯＺ,Communication Services,5250
4385,メルカリ,Communication Services,5250
4386,ＳＩＧグループ,Communication Services,5250
4387,ＺＵＵ,Communication Services,5250
4388,エーアイ,Communication Services,5250
4389,プロパティデータバンク,Communication Services,5250
438A,インフキュリオン,Communication Services,5250
4390,アイ・ピー・エス,Communication Services,5250
4391,ロジザード,Communication Services,5250
4392,Ｆ  Ｉ  Ｇ,Communication Services,5250
4393,バンクオブイノベーション,Communication Services,5250
4394,エクスモーション,Communication Services,5250
4395,アクリート,Communication Services,5250
4396,システムサポートＨＤ,Communication Services,5250
4397,チームスピリット,Communication Services,5250
4398,ブロードバンドＳｅｃ,Communication Services,5250
4401,ＡＤＥＫＡ,Materials,3200
4403,日    油,Materials,3200
4404,ミヨシ油脂,Consumer Defensive,3050
4406,新日本理化,Materials,3200
4409,東邦化学工業,Materials,3200
4410,ハリマ化成グループ,Materials,3200
4412,サイエンスアーツ,Communication Services,5250
4413,ボードルア,Communication Services,5250
4414,フレクト,Communication Services,5250
4415,ブロードエンタープライズ,Communication Services,5250
4416,ＴｒｕｅＤａｔａ,Communication Services,5250
4417,グローバルセキュリティ,Communication Services,5250
4418,ＪＤＳＣ,Communication Services,5250
4419,ＦｉｎａｔｅｘｔＨＤ,Communication Services,5250
441A,ＮＥ,Communication Services,5250
4420,イーソル,Communication Services,5250
4421,ディ・アイ・システム,Communication Services,5250
4422,ＶＡＬＵＥＮＥＸ,Communication Services,5250
4424,Ａｍａｚｉａ,Communication Services,5250
4425,Ｋｕｄａｎ,Communication Services,5250
4427,ＥｄｕＬａｂ,Communication Services,5250
4428,シノプス,Communication Services,5250
4429,リックソフト,Communication Services,5250
442A,クラシコ,Consumer Cyclical,3100
4430,東海ソフト,Communication Services,5250
4431,スマレジ,Communication Services,5250
4432,ウイングアーク１ｓｔ,Communication Services,5250
4433,ヒト・コミュニケＨＤ,Industrials,9050
4434,サーバーワークス,Communication Services,5250
4436,ミンカブ・ジ・インフォ,Communication Services,5250
4437,ｇｏｏｄｄａｙｓＨＤ,Communication Services,5250
4438,Ｗｅｌｂｙ,Communication Services,5250
4439,東    名,Communication Services,5250
4440,ヴィッツ,Communication Services,5250
4441,トビラシステムズ,Communication Services,5250
4442,バルテス・ホールディング,Communication Services,5250
4443,Ｓａｎｓａｎ,Communication Services,5250
4444,インフォネット,Communication Services,5250
4445,リビン・テクノロジーズ,Communication Services,5250
4446,Ｌｉｎｋ－Ｕグループ,Communication Services,5250
4447,ピー・ビーシステムズ,Communication Services,5250
4448,ｋｕｂｅｌｌ,Communication Services,5250
4450,パワーソリューションズ,Communication Services,5250
4452,花    王,Materials,3200
4461,第一工業製薬,Materials,3200
4462,石原ケミカル,Materials,3200
4463,日華化学,Materials,3200
4464,ソフト９９,Materials,3200
4465,ニイタカ,Materials,3200
446A,ノースサンド,Industrials,9050
4471,三洋化成工業,Materials,3200
4475,ＨＥＮＮＧＥ,Communication Services,5250
4476,ＡＩ  ＣＲＯＳＳ,Communication Services,5250
4477,ＢＡＳＥ,Communication Services,5250
4478,フリー,Communication Services,5250
4479,マクアケ,Communication Services,5250
4480,メドレー,Communication Services,5250
4481,べ  －  ス,Communication Services,5250
4482,ウィルズ,Communication Services,5250
4483,ＪＭＤＣ,Communication Services,5250
4484,ランサーズ,Communication Services,5250
4486,ユナイトアンドグロウ,Communication Services,5250
4487,スペースマーケット,Communication Services,5250
4488,ＡＩ  ｉｎｓｉｄｅ,Communication Services,5250
4490,ビザスク,Communication Services,5250
4491,Ｃマネージメント,Communication Services,5250
4492,ゼネテック,Communication Services,5250
4493,サイバーセキュリティ,Communication Services,5250
4495,アイキューブドシステムズ,Communication Services,5250
4496,コマースＯｎｅＨＤ,Communication Services,5250
4498,サイバートラスト,Communication Services,5250
4499,Ｓｐｅｅｅ,Communication Services,5250
4502,武田薬品工業,Healthcare,3250
4503,アステラス製薬,Healthcare,3250
4506,住友ファーマ,Healthcare,3250
4507,塩野義製薬,Healthcare,3250
4512,わかもと製薬,Healthcare,3250
4516,日本新薬,Healthcare,3250
4519,中外製薬,Healthcare,3250
4521,科研製薬,Healthcare,3250
4523,エーザイ,Healthcare,3250
4524,森下仁丹,Healthcare,3250
4526,理研ビタミン,Consumer Defensive,3050
4527,ロート製薬,Healthcare,3250
4528,小野薬品工業,Healthcare,3250
4531,有機合成薬品工業,Materials,3200
4534,持田製薬,Healthcare,3250
4536,参天製薬,Healthcare,3250
4538,扶桑薬品工業,Healthcare,3250
4539,日本ケミファ,Healthcare,3250
4540,ツ  ム  ラ,Healthcare,3250
4543,テ  ル  モ,Technology,3750
4544,Ｈ．Ｕ．グループ  ＨＤ,Industrials,9050
4547,キッセイ薬品工業,Healthcare,3250
4548,生化学工業,Healthcare,3250
4549,栄研化学,Healthcare,3250
4552,ＪＣＲファーマ,Healthcare,3250
4553,東和薬品,Healthcare,3250
4554,富士製薬工業,Healthcare,3250
4558,中京医薬品,Healthcare,3250
4559,ゼリア新薬工業,Healthcare,3250
4563,アンジェス,Healthcare,3250
4564,オンコセラピーサイエンス,Healthcare,3250
4565,ネクセラファーマ,Healthcare,3250
4568,第一三共,Healthcare,3250
4569,杏林製薬,Healthcare,3250
456A,ＨＵＭＡＮ  ＭＡＤＥ,Consumer Cyclical,6100
4570,免疫生物研究所,Healthcare,3250
4571,ＮＡＮＯホーディングス,Healthcare,3250
4572,カルナバイオサイエンス,Healthcare,3250
4574,大幸薬品,Healthcare,3250
4575,キャンバス,Healthcare,3250
4576,デ・ウエスタン・セラピ,Healthcare,3250
4577,ダ  イ  ト,Healthcare,3250
4578,大塚ホールディングス,Healthcare,3250
4579,ラクオリア創薬,Healthcare,3250
4582,シンバイオ製薬,Healthcare,3250
4583,カイオムバイオサイエンス,Healthcare,3250
4584,キッズウェル・バイオ,Healthcare,3250
4586,メドレックス,Healthcare,3250
4587,ペプチドリーム,Healthcare,3250
4588,オンコリスバイオファーマ,Healthcare,3250
4591,リボミック,Healthcare,3250
4592,サンバイオ,Healthcare,3250
4593,ヘリオス,Healthcare,3250
4594,ブライトパス・バイオ,Healthcare,3250
4595,ミズホメディー,Healthcare,3250
4596,窪田製薬ＨＤ,Healthcare,3250
4597,ソレイジア・ファーマ,Healthcare,3250
4598,Ｄｅｌｔａ－Ｆｌｙ,Healthcare,3250
4599,ステムリム,Healthcare,3250
460A,ＢＲＡＮＵ,Communication Services,5250
4611,大日本塗料,Materials,3200
4612,日本ペイント  ＨＤ,Materials,3200
4613,関西ペイント,Materials,3200
4615,神東塗料,Materials,3200
4616,川上塗料,Materials,3200
4617,中国塗料,Materials,3200
4619,日本特殊塗料,Materials,3200
4620,藤倉化成,Materials,3200
4623,アサヒペン,Materials,3200
4624,イサム塗料,Materials,3200
4625,アトミクス,Materials,3200
4626,太陽ホールディングス,Materials,3200
4627,ナトコ,Materials,3200
4628,エスケー化研,Materials,3200
4629,大伸化学,Materials,3200
462A,ＦＵＮＤＩＮＮＯ,Financials,7100
4631,Ｄ  Ｉ  Ｃ,Materials,3200
4633,サカタ  インクス,Materials,3200
4634,ａｒｔｉｅｎｃｅ,Materials,3200
4635,東京インキ,Materials,3200
463A,インテリックスＨＤ,Real Estate,8050
4641,アルプス技研,Industrials,9050
4642,オリジナル設計,Industrials,9050
4644,イマジニア,Communication Services,5250
4645,市進ホールディングス,Industrials,9050
464A,ＱＰＳホールディングス,Communication Services,5250
4650,ＳＤエンターテイメント,Industrials,9050
4651,サニックスＨＤ,Industrials,9050
4657,環境管理センター,Industrials,9050
4658,日本空調サービス,Industrials,9050
4661,オリエンタルランド,Industrials,9050
4662,フォーカスシステムズ,Communication Services,5250
4664,アール・エス・シー,Industrials,9050
4665,ダスキン,Industrials,9050
4666,パーク２４,Real Estate,8050
4667,アイサンテクノロジー,Communication Services,5250
4668,明光ネットワーク,Industrials,9050
4671,ファルコホールディングス,Industrials,9050
4673,川崎地質,Industrials,9050
4674,クレスコ,Communication Services,5250
4676,フジ・メディア・ＨＤ,Communication Services,5250
4678,秀英予備校,Industrials,9050
4679,田    谷,Industrials,9050
4680,ラウンドワン,Industrials,9050
4681,リゾートトラスト,Industrials,9050
4684,オービック,Communication Services,5250
4685,菱友システムズ,Communication Services,5250
4686,ジャストシステム,Communication Services,5250
4687,ＴＤＣソフト,Communication Services,5250
4689,ＬＩＮＥヤフー,Communication Services,5250
4691,ワシントン  ホテル,Industrials,9050
4694,ビー・エム・エル,Industrials,9050
469A,フィットクルー,Industrials,9050
4704,トレンドマイクロ,Communication Services,5250
4705,クリップコーポレーション,Industrials,9050
4707,キタック,Industrials,9050
4709,ＩＤホールディングス,Communication Services,5250
4712,ＫｅｙＨｏｌｄｅｒ,Industrials,9050
4714,リソー教育グループ,Industrials,9050
4716,日本オラクル,Communication Services,5250
4718,早稲田アカデミー,Industrials,9050
4719,アルファシステムズ,Communication Services,5250
471A,ＮＳグループ,Financials,7200
4720,城南進学研究社,Industrials,9050
4722,フューチャー,Communication Services,5250
4725,ＣＡＣ  Ｈｏｌｄｉｎｇｓ,Communication Services,5250
4728,ト  ー  セ,Communication Services,5250
472A,ミラティブ,Communication Services,5250
4732,ユー・エス・エス,Industrials,9050
4733,オービック  ビジネス,Communication Services,5250
4735,京    進,Industrials,9050
4736,日本ラッド,Communication Services,5250
4743,アイティフォー,Communication Services,5250
4746,東計電算,Communication Services,5250
4750,ダイサン,Industrials,9050
4751,サイバーエージェント,Industrials,9050
4752,昭和システムエンジニア,Communication Services,5250
4754,トスネット,Industrials,9050
4755,楽天グループ,Industrials,9050
475A,ギミック,Industrials,9050
4760,アルファ,Industrials,9050
4761,さくらケーシーエス,Communication Services,5250
4762,エックスネット,Communication Services,5250
4763,クリーク・アンド・リバー,Industrials,9050
4765,ＳＢＩグローバルアセット,Industrials,9050
4766,ピーエイ,Industrials,9050
4767,テー・オー・ダブリュー,Industrials,9050
4768,大塚商会,Communication Services,5250
4769,ＩＣ,Communication Services,5250
476A,辻・本郷ＩＴコンサル,Communication Services,5250
4771,エフアンドエム,Industrials,9050
4772,ＳＭ  ＥＮＴＥＲＴＡＩＮ,Communication Services,5250
4776,サイボウズ,Communication Services,5250
4777,ガーラ,Communication Services,5250
477A,スタートライン,Industrials,9050
4783,ＮＣＤ,Communication Services,5250
4784,ＧＭＯインターネット,Industrials,9050
478A,フツパー,Communication Services,5250
4792,山田コンサルティング,Industrials,9050
479A,ＰＲＯＮＩ,Communication Services,5250
4800,オリコン,Communication Services,5250
4801,セントラルスポーツ,Industrials,9050
4809,パ  ラ  カ,Real Estate,8050
480A,リブ・コンサルティング,Industrials,9050
4811,ドリーム・アーツ,Communication Services,5250
4812,電通総研,Communication Services,5250
4813,ＡＣＣＥＳＳ,Communication Services,5250
4814,ネクストウェア,Communication Services,5250
4816,東映アニメーション,Communication Services,5250
4819,デジタルガレージ,Communication Services,5250
4820,イーエムシステムズ,Communication Services,5250
4825,ウェザーニューズ,Communication Services,5250
4826,Ｃ  Ｉ  Ｊ,Communication Services,5250
4828,ビジネスエンジニアリング,Communication Services,5250
4829,日本エンタープライズ,Communication Services,5250
4832,ＪＦＥシステムズ,Communication Services,5250
4833,Ｄｅｆ  Ｃｏｎｓｕｌｔ,Industrials,9050
4838,スペースシャワーＳＫＩＹ,Communication Services,5250
4839,ＷＯＷＯＷ,Communication Services,5250
483A,テラテクノロジー,Communication Services,5250
4840,トライアイズ,Industrials,9050
4845,ス  カ  ラ,Communication Services,5250
4847,インテリジェント  Ｗ,Communication Services,5250
4848,フルキャスト  ＨＤ,Industrials,9050
4849,エン,Industrials,9050
485A,パワーエックス,Technology,3650
4875,メディシノバ・インク,Healthcare,3250
4880,セルソース,Healthcare,3250
4881,ファンペップ,Healthcare,3250
4882,ペルセウスプロテオミクス,Healthcare,3250
4883,モダリス,Healthcare,3250
4884,クリングルファーマ,Healthcare,3250
4885,室町ケミカル,Healthcare,3250
4886,あすか製薬ホールディング,Healthcare,3250
4887,サワイグループＨＤ,Healthcare,3250
4888,ステラファーマ,Healthcare,3250
4889,レナサイエンス,Healthcare,3250
4890,坪田ラボ,Healthcare,3250
4891,ティムス,Healthcare,3250
4892,サイフューズ,Healthcare,3250
4893,ノイルイミューン,Healthcare,3250
4894,クオリプス,Healthcare,3250
4896,ケイファーマ,Healthcare,3250
4901,富士フイルム  ＨＤ,Materials,3200
4902,コニカミノルタ,Technology,3650
4911,資  生  堂,Materials,3200
4912,ライオン,Materials,3200
4914,高砂香料工業,Materials,3200
4918,アイビー化粧品,Materials,3200
4919,ミルボン,Materials,3200
4920,日本色材工業研究所,Materials,3200
4922,コーセーホールディングス,Materials,3200
4923,コ    タ,Materials,3200
4925,ハーバー研究所,Materials,3200
4926,シーボン,Materials,3200
4927,ポーラ・オルビス  ＨＤ,Materials,3200
4928,ノエビアホールディングス,Materials,3200
4929,アジュバンホールディング,Materials,3200
4931,新日本製薬,Materials,3200
4932,アルマード,Materials,3200
4933,Ｉ－ｎｅ,Materials,3200
4934,プレミアアンチエイジング,Materials,3200
4935,リベルタ,Materials,3200
4936,アクシージア,Materials,3200
4937,Ｗａｑｏｏ,Materials,3200
4951,エステー,Materials,3200
4956,コ  ニ  シ,Materials,3200
4958,長谷川香料,Materials,3200
4960,ケミプロ化成,Materials,3200
4966,上村工業,Materials,3200
4967,小林製薬,Materials,3200
4968,荒川化学工業,Materials,3200
4970,東洋合成工業,Materials,3200
4971,メ  ッ  ク,Materials,3200
4972,綜研化学,Materials,3200
4973,日本高純度化学,Materials,3200
4975,Ｊ  Ｃ  Ｕ,Materials,3200
4976,東洋ドライルーブ,Materials,3200
4977,新田ゼラチン,Materials,3200
4978,リプロセル,Materials,3200
4979,ＯＡＴアグリオ,Materials,3200
4980,デクセリアルズ,Materials,3200
4985,アース製薬,Materials,3200
4990,昭和化学工業,Materials,3200
4992,北興化学工業,Materials,3200
4994,大成ラミックグループ,Materials,3200
4996,クミアイ化学工業,Materials,3200
4997,日本農薬,Materials,3200
4998,フマキラー,Materials,3200
500A,ＴＯブックス,Communication Services,5250
5010,日本精蝋,Energy,3300
5011,ニチレキグループ,Energy,3300
5013,ユシロ,Energy,3300
5015,ビーピー・カストロール,Energy,3300
5016,ＪＸ金属,Materials,3500
5018,ＭＯＲＥＳＣＯ,Energy,3300
5019,出光興産,Energy,3300
5020,ＥＮＥＯＳホールディング,Energy,3300
5021,コスモエネルギーＨＤ,Energy,3300
5025,マーキュリー,Communication Services,5250
5026,トリプルアイズ,Communication Services,5250
5027,ＡｎｙＭｉｎｄＧｒｏｕｐ,Communication Services,5250
5028,セカンドサイトアナリティ,Communication Services,5250
5029,サークレイス,Communication Services,5250
5031,モ    イ,Communication Services,5250
5032,ＡＮＹＣＯＬＯＲ,Communication Services,5250
5033,ヌーラボ,Communication Services,5250
5034,ｕｎｅｒｒｙ,Communication Services,5250
5035,ＨＯＵＳＥＩ,Communication Services,5250
5036,日本ビジネスシステムズ,Communication Services,5250
5038,ｅＷｅＬＬ,Communication Services,5250
504A,イノバセル,Healthcare,3250
505A,ギークリー,Industrials,9050
5071,ヴ  ィ  ス,Industrials,9050
5074,テスホールディングス,Industrials,2050
5076,インフロニアＨＤ,Industrials,2050
5078,セレコーポレーション,Industrials,2050
5079,ノバック,Industrials,2050
5101,横浜ゴム,Materials,3350
5105,ＴＯＹＯ  ＴＩＲＥ,Materials,3350
5108,ブリヂストン,Materials,3350
5110,住友ゴム工業,Materials,3350
5121,藤倉コンポジット,Materials,3350
5122,オカモト,Materials,3350
5125,ファインズ,Communication Services,5250
5126,ポーターズ,Communication Services,5250
5129,ＦＩＸＥＲ,Communication Services,5250
5131,リンカーズ,Communication Services,5250
5132,ｐｌｕｓｚｅｒｏ,Communication Services,5250
5133,テリロジーホールディング,Communication Services,5250
5134,ＰＯＰＥＲ,Communication Services,5250
5136,ｔｒｉｐｌａ,Communication Services,5250
5137,スマートドライブ,Communication Services,5250
5138,Ｒｅｂａｓｅ,Communication Services,5250
5139,オープンワーク,Communication Services,5250
5142,アキレス,Materials,3200
5161,西川ゴム工業,Materials,3350
5162,朝日ラバー,Materials,3350
5184,ニチリン,Materials,3350
5185,フ  コ  ク,Materials,3350
5186,ニ  ッ  タ,Materials,3350
5187,クリエートメディック,Technology,3750
5189,櫻  護  謨,Materials,3350
5192,三ツ星ベルト,Materials,3350
5194,相模ゴム工業,Materials,3350
5195,バンドー化学,Materials,3350
5199,不二ラテックス,Materials,3350
519A,ベーシック,Communication Services,5250
5201,Ａ  Ｇ  Ｃ,Materials,3400
5202,日本板硝子,Materials,3400
5204,石塚硝子,Materials,3400
5208,有沢製作所,Materials,3200
520A,ジェイファーマ,Healthcare,3250
5210,日本山村硝子,Materials,3400
5214,日本電気硝子,Materials,3400
5216,倉元製作所,Materials,3400
5218,オ  ハ  ラ,Materials,3400
5232,住友大阪セメント,Materials,3400
5233,太平洋セメント,Materials,3400
5237,ノ  ザ  ワ,Materials,3400
523A,セイワホールディングス,Materials,3550
5240,ｍｏｎｏＡＩ  ｔｅｃｈ,Communication Services,5250
5242,アイズ,Communication Services,5250
5243,ｎｏｔｅ,Communication Services,5250
5244,ｊｉｇ．ｊｐ,Communication Services,5250
5246,ＥＬＥＭＥＮＴＳ,Communication Services,5250
5247,Ｂ  Ｔ  Ｍ,Communication Services,5250
5248,テクノロジーズ,Communication Services,5250
5250,ＧＭＯプライム・ストラテ,Communication Services,5250
5252,日本ナレッジ,Communication Services,5250
5253,カバー,Communication Services,5250
5254,Ａｒｅｎｔ,Communication Services,5250
5255,モンスターラボ,Communication Services,5250
5256,Ｆｕｓｉｃ,Communication Services,5250
5257,ノバシステム,Communication Services,5250
5258,ＴＭＮ,Communication Services,5250
5261,リソルホールディングス,Industrials,9050
5262,日本ヒューム,Materials,3400
5268,旭コンクリート工業,Materials,3400
5269,日本コンクリート工業,Materials,3400
5271,トーヨーアサノ,Materials,3400
5273,三谷セキサン,Materials,3400
5279,日本興業,Materials,3400
5280,ヨシコン,Real Estate,8050
5282,ジオスター,Materials,3400
5283,高見澤,Industrials,6050
5284,ヤマウホールディングス,Materials,3400
5285,ヤマックス,Materials,3400
5287,イトーヨーギョー,Materials,3400
5288,アジアパイル  ＨＤ,Materials,3400
5290,ベルテクスコーポレ,Materials,3400
5301,東海カーボン,Materials,3400
5302,日本カーボン,Materials,3400
5304,ＳＥＣカーボン,Materials,3400
5310,東洋炭素,Materials,3400
5331,ノリタケ,Materials,3400
5332,ＴＯＴＯ,Materials,3400
5333,ＮＧＫ,Materials,3400
5334,日本特殊陶業,Materials,3400
5337,ダントーホールディングス,Materials,3400
5341,ＡＳＡＨＩ  ＥＩＴＯＨＤ,Materials,3400
5344,ＭＡＲＵＷＡ,Materials,3400
5351,品川リフラ,Materials,3400
5355,日本坩堝,Materials,3400
5356,美濃窯業,Materials,3400
5357,ヨータイ,Materials,3400
5363,東京窯業,Materials,3400
5367,ニッカトー,Materials,3400
5368,日本インシュレーション,Materials,3400
5380,新東,Materials,3400
5381,マイポックス,Materials,3400
5384,フジミ  インコーポレ,Materials,3400
5388,クニミネ工業,Materials,3400
5391,エーアンドエーマテリアル,Materials,3400
5393,ニチアス,Materials,3400
5401,日本製鉄,Materials,3450
5406,神戸製鋼所,Materials,3450
5408,中山製鋼所,Materials,3450
5410,合同製鐵,Materials,3450
5411,ＪＦＥホールディングス,Materials,3450
5423,東京製鐵,Materials,3450
542A,ビタブリッドジャパン,Materials,3200
543A,ＡＲＣＨＩＯＮ,Consumer Cyclical,3700
5440,共英製鋼,Materials,3450
5444,大和工業,Materials,3450
5445,東京鐵鋼,Materials,3450
5446,北越メタル,Materials,3450
5449,大阪製鐵,Materials,3450
544A,ＧＭＳグループ,Industrials,3600
5451,ヨドコウ,Materials,3450
5458,高砂鐵工,Materials,3450
545A,トランヴィア,Communication Services,5250
5461,中部鋼鈑,Materials,3450
5463,丸一鋼管,Materials,3450
5464,モリ工業,Materials,3450
546A,ＭＩＲＡＩＮＩ  ＨＤ,Industrials,6050
5471,大同特殊鋼,Materials,3450
547A,ムニノバホールディングス,Financials,7200
5480,日本冶金工業,Materials,3450
5482,愛知製鋼,Materials,3450
5484,東北特殊鋼,Materials,3450
548A,システムエグゼ,Communication Services,5250
5491,日本金属,Materials,3450
549A,ヒトトヒトＨＤ,Industrials,9050
550A,ソフトテックス,Communication Services,5250
5527,ｐｒｏｐｅｒｔｙ  ｔｅｃ,Real Estate,8050
5532,リアルゲイト,Real Estate,8050
5533,エリッツホールディングス,Real Estate,8050
5535,ミガロホールディングス,Real Estate,8050
5537,ＡｌｂａＬｉｎｋ,Real Estate,8050
5541,大平洋金属,Materials,3450
5542,新報国マテリアル,Materials,3450
554A,バトンズ,Communication Services,5250
5563,新日本電工,Materials,3450
556A,犬猫生活,Consumer Cyclical,6100
5570,ジェノバ,Communication Services,5250
5571,エキサイトホールディング,Communication Services,5250
5572,Ｒｉｄｇｅ－ｉ,Communication Services,5250
5574,ＡＢＥＪＡ,Communication Services,5250
5575,Ｇｌｏｂｅｅ,Communication Services,5250
5576,オービーシステム,Communication Services,5250
5578,ＡＲアドバンスト,Communication Services,5250
5580,プロディライト,Communication Services,5250
5582,グリッド,Communication Services,5250
5586,Ｌａｂｏｒｏ．ＡＩ,Communication Services,5250
5587,インバウンドＰＦ,Communication Services,5250
5588,ファーストアカウンティン,Communication Services,5250
5589,オートサーバー,Communication Services,5250
558A,ＳＱＵＥＥＺＥ,Industrials,9050
5590,ネットスターズ,Communication Services,5250
5591,ＡＶＩＬＥＮ,Communication Services,5250
5592,くすりの窓口,Communication Services,5250
5597,ブルーイノベーション,Communication Services,5250
5599,Ｓ＆Ｊ,Communication Services,5250
559A,梅乃宿酒造,Consumer Defensive,3050
5602,栗本鐵工所,Materials,3450
5603,虹    技,Materials,3450
5609,日本鋳造,Materials,3450
5612,日本鋳鉄管,Materials,3450
5616,雨風太陽,Communication Services,5250
5618,ナイル,Communication Services,5250
5619,マーソ,Communication Services,5250
5621,ヒューマンテクノロジーズ,Communication Services,5250
5631,日本製鋼所,Industrials,3600
5632,三菱製鋼,Materials,3450
5644,メタルアート,Materials,3450
5658,日亜鋼業,Materials,3450
5659,日本精線,Materials,3450
5695,パウダーテック,Materials,3450
5697,サンユウ,Materials,3450
5698,エンビプロ・ＨＤ,Materials,3450
5699,イボキン,Materials,3450
5702,大紀アルミニウム工業所,Materials,3500
5703,日本軽金属  ＨＤ,Materials,3500
5704,ＪＭＣ,Materials,3500
5706,三井金属,Materials,3500
5707,東邦亜鉛,Materials,3500
5711,三菱マテリアル,Materials,3500
5713,住友金属鉱山,Materials,3500
5714,ＤＯＷＡホールディングス,Materials,3500
5715,古河機械金属,Materials,3500
5721,エスクリプトエナジー,Materials,3500
5724,アサカ理研,Materials,3500
5726,大阪チタニウムテクノ,Materials,3500
5729,日本精鉱,Materials,3500
5741,ＵＡＣＪ,Materials,3500
5742,エヌアイシ・オートテック,Materials,3500
5753,日本伸銅,Materials,3500
5757,ＣＫサンエツ,Materials,3500
575A,前澤ホールディングス,Industrials,3600
5801,古河電気工業,Materials,3500
5802,住友電気工業,Materials,3500
5803,フジクラ,Materials,3500
5805,ＳＷＣＣ,Materials,3500
5816,オーナンバ,Materials,3500
5817,ＪＭＡＣＳ,Materials,3500
5819,カナレ電気,Materials,3500
581A,ＧＯ,Communication Services,5250
5820,三ツ星,Materials,3500
5821,平河ヒューテック,Materials,3500
5830,いよぎんホールディングス,Financials,7050
5831,しずおかフィナンシャルＧ,Financials,7050
5832,ちゅうぎんフィナンシャル,Financials,7050
5834,ＳＢＩリーシングサービス,Financials,7100
5838,楽天銀行,Financials,7050
5842,インテグラル,Financials,7100
5843,ニッポンインシュア,Financials,7200
5844,京都フィナンシャルＧ,Financials,7050
5845,全保連,Financials,7200
584A,ＬｉＮＫＸ,Communication Services,5250
5851,リョービ,Materials,3500
5852,アーレスティ,Materials,3500
5857,ＡＲＥホールディングス,Materials,3500
5858,Ｓ  Ｔ  Ｇ,Materials,3500
5867,エスネットワークス,Industrials,9050
5868,ロココ,Industrials,9050
5869,早稲田学習研究会,Industrials,9050
5870,ナルネットコミュニケ,Industrials,9050
5871,ＳＯＬＩＺＥ  ＨＤ,Industrials,9050
5884,クラダシ,Consumer Cyclical,6100
5885,ジーデップ・アドバンス,Industrials,6050
5888,ＤＡＩＷＡ  ＣＹＣＬＥ,Consumer Cyclical,6100
5889,ＪＥＨ,Consumer Cyclical,6100
5891,ＳＡＫＩＧＡＫＥ  ＨＤ,Consumer Cyclical,6100
5892,ｙｕｔｏｒｉ,Consumer Cyclical,6100
589A,ネイス,Industrials,9050
5900,ダイケン,Materials,3550
5901,東洋製罐グループ  ＨＤ,Materials,3550
5902,ホッカンホールディングス,Materials,3550
5905,日本製罐,Materials,3550
5906,エムケー精工,Materials,3550
5909,コ  ロ  ナ,Materials,3550
590A,ギフティグループ,Communication Services,5250
5911,横河ブリッジ  ＨＤ,Materials,3550
5915,駒井ハルテック,Materials,3550
5918,瀧上工業,Materials,3550
5921,川岸工業,Materials,3550
5922,那須電機鉄工,Materials,3550
5923,高田機工,Materials,3550
5928,アルメタックス,Materials,3550
5929,三和ホールディングス,Materials,3550
5930,文化シャッター,Materials,3550
5932,三協立山,Materials,3550
5933,アルインコ,Materials,3550
5936,東洋シャッター,Materials,3550
5938,ＬＩＸＩＬ,Materials,3550
5939,大谷工業,Materials,3550
593A,ティアフォー,Communication Services,5250
5940,不二サッシ,Materials,3550
5941,中西製作所,Materials,3550
5942,日本フイルコン,Materials,3550
5943,ノーリツ,Materials,3550
5945,天龍製鋸,Materials,3550
5946,長府製作所,Materials,3550
5947,リンナイ,Materials,3550
5949,ユニプレス,Consumer Cyclical,3700
5950,日本パワーファスニング,Materials,3550
5951,ダイニチ工業,Materials,3550
5952,アマテイ,Materials,3550
5955,ワイズホールディングス,Materials,3550
5956,トーソー,Materials,3550
5957,日東精工,Materials,3550
5958,三洋工業,Materials,3550
5959,岡    部,Materials,3550
5962,浅香工業,Industrials,3800
5965,フジマック,Materials,3550
5966,京都機械工具,Materials,3550
5967,ＴＯＮＥ,Materials,3550
5969,ロブテックス,Materials,3550
5970,ジーテクト,Materials,3550
5971,共和工業所,Materials,3550
5973,トーアミ,Materials,3550
5974,中国工業,Materials,3550
5975,東  プ  レ,Materials,3550
5976,高周波熱錬,Materials,3550
5981,東京製綱,Materials,3550
5982,マルゼン,Materials,3550
5983,イワブチ,Materials,3550
5984,兼    房,Materials,3550
5985,サンコール,Materials,3550
5986,モリテック  スチール,Materials,3550
5987,オーネックス,Materials,3550
5988,パイオラックス,Materials,3550
5989,エイチワン,Materials,3550
598A,チャットプラス,Communication Services,5250
5990,スーパーツール,Materials,3550
5991,日本発條,Materials,3550
5992,中央発條,Materials,3550
5994,ファインシンター,Materials,3550
5997,協立エアテック,Materials,3550
5998,アドバネクス,Materials,3550
6005,三浦工業,Industrials,3600
6013,タ  ク  マ,Industrials,3600
6016,ジャパンエンジンコーポレ,Consumer Cyclical,3700
6018,阪神内燃機工業,Consumer Cyclical,3700
6022,赤阪鐵工所,Industrials,3600
6023,ダイハツインフィニアース,Consumer Cyclical,3700
6027,弁護士ドットコム,Industrials,9050
6029,アトラグループ,Industrials,9050
6030,アドベンチャー,Industrials,9050
6031,ＺＥＴＡ,Industrials,9050
6033,エクストリーム,Industrials,9050
6034,ＭＲＴ,Industrials,9050
6035,アイ・アールジャパン,Industrials,9050
6036,ＫｅｅＰｅｒ技研,Industrials,9050
6037,楽待,Industrials,9050
6038,イード,Industrials,9050
6039,日本動物高度医療センター,Industrials,9050
603A,アイ・グリッド,Utilities,4050
6040,日本スキー場開発,Industrials,9050
6042,ニ  ッ  キ,Consumer Cyclical,3700
6044,三機サービス,Industrials,9050
6045,レントラックス,Industrials,9050
6046,リンクバル,Industrials,9050
6047,Ｇｕｎｏｓｙ,Industrials,9050
6049,イトクロ,Industrials,9050
604A,ビーエイブル,Industrials,2050
6050,イー・ガーディアン,Industrials,9050
6054,リブセンス,Industrials,9050
6055,ジャパンマテリアル,Industrials,9050
6058,ベクトル,Industrials,9050
6059,ウチヤマホールディングス,Industrials,9050
6061,ユニバーサル園芸社,Industrials,9050
6062,チャーム・ケア,Industrials,9050
6063,日本エマージェンシー,Industrials,9050
6069,トレンダーズ,Industrials,9050
6070,キャリアリンク,Industrials,9050
6071,Ｉ  Ｂ  Ｊ,Industrials,9050
6072,地盤ネット  ＨＤ,Industrials,9050
6073,アサンテ,Industrials,9050
6074,ジェイエスエス,Industrials,9050
6078,バリューＨＲ,Industrials,9050
607A,エブリー,Industrials,9050
6080,Ｍ＆Ａキャピタル,Industrials,9050
6081,アライドアーキテクツ,Industrials,9050
6082,ライドオンエクスプレス,Industrials,9050
6083,ＥＲＩホールディングス,Industrials,9050
6085,アーキテクツＳＪ,Industrials,9050
6086,シンメンテＨＤ,Industrials,9050
6087,アビスト,Industrials,9050
6088,シグマクシスＨＤ,Industrials,9050
6089,ウィルグループ,Industrials,9050
6090,ヒューマン・メタボローム,Industrials,9050
6091,ウエスコホールディングス,Industrials,9050
6092,エンバイオＨＤ,Industrials,9050
6093,ミトラグループ,Industrials,9050
6094,フリークアウト・ＨＤ,Industrials,9050
6098,リクルートＨＤ,Industrials,9050
6099,エ  ラ  ン,Industrials,9050
6101,ツ  ガ  ミ,Industrials,3600
6103,オークマ,Industrials,3600
6104,芝浦機械,Industrials,3600
6113,ア  マ  ダ,Industrials,3600
6118,アイダエンジニアリング,Industrials,3600
6125,岡本工作機械製作所,Industrials,3600
6134,ＦＵＪＩ,Industrials,3600
6135,牧野フライス製作所,Industrials,3600
6136,Ｏ  Ｓ  Ｇ,Industrials,3600
6137,小池酸素工業,Industrials,3600
6138,ダイジェット工業,Industrials,3600
6140,旭ダイヤモンド工業,Industrials,3600
6141,ＤＭＧ森精機,Industrials,3600
6143,ソディック,Industrials,3600
6144,西部電機,Industrials,3600
6145,ＮＩＴＴＯＫＵ,Industrials,3600
6146,ディスコ,Industrials,3600
6147,ヤマザキ,Industrials,3600
6149,小田原エンジニアリング,Industrials,3600
6150,タケダ機械,Industrials,3600
6151,日東工器,Industrials,3600
6155,高松機械工業,Industrials,3600
6156,エーワン精密,Industrials,3600
6157,日進工具,Industrials,3600
6158,和井田製作所,Industrials,3600
6159,ミクロン精密,Industrials,3600
6161,エスティック,Industrials,3600
6165,パンチ工業,Industrials,3600
6166,中村超硬,Industrials,3600
6167,冨士ダイス,Industrials,3600
6171,土木管理総合試験所,Industrials,9050
6176,ブランジスタ,Industrials,9050
6177,ＡｐｐＢａｎｋ,Industrials,9050
6178,日本郵政,Industrials,9050
6180,ＧＭＯメディア,Industrials,9050
6181,タメニー,Industrials,9050
6182,メタリアル,Industrials,9050
6183,ベルシステム２４ＨＤ,Industrials,9050
6184,鎌倉新書,Industrials,9050
6185,Ｓ  Ｍ  Ｎ,Industrials,9050
6186,一    蔵,Industrials,9050
6189,グローバルキッズ,Industrials,9050
6190,フェニックスバイオ,Industrials,9050
6191,エアトリ,Industrials,9050
6193,バーチャレクスＨＤ,Industrials,9050
6194,アトラエ,Industrials,9050
6195,ホープ,Industrials,9050
6196,ストライクグループ,Industrials,9050
6198,キャリア,Industrials,9050
6199,セ  ラ  ク,Communication Services,5250
6200,インソース,Industrials,9050
6203,豊和工業,Industrials,3600
6208,石川製作所,Industrials,3600
6209,リケンＮＰＲ,Industrials,3600
6217,津田駒工業,Industrials,3600
6218,エンシュウ,Industrials,3600
6222,島精機製作所,Industrials,3600
6223,西部技研,Industrials,3600
6224,ＪＲＣ,Industrials,3600
6226,守谷輸送機工業,Industrials,3600
6227,ＡＩメカテック,Industrials,3600
6228,ジェイ・イー・ティ,Industrials,3600
6229,オーケーエム,Industrials,3600
6230,ＳＡＮＥＩ,Industrials,3600
6231,木村工機,Industrials,3600
6232,ＡＣＳＬ,Industrials,3600
6233,ＫＬＡＳＳ,Industrials,3600
6235,オプトラン,Industrials,3600
6237,イワキポンプ,Industrials,3600
6238,フリュー,Industrials,3600
6239,ナガオカ,Industrials,3600
6240,ヤマシンフィルタ,Industrials,3600
6245,ヒラノテクシード,Industrials,3600
6246,テクノスマート,Industrials,3600
6247,日阪製作所,Industrials,3600
6248,横田製作所,Industrials,3600
6249,ゲームカードＨＤ,Industrials,3600
6250,やまびこ,Industrials,3600
6254,野村マイクロ・サイエンス,Industrials,3600
6255,エヌ・ピー・シー,Industrials,3600
6257,藤商事,Industrials,3600
6258,平田機工,Industrials,3600
6262,ＰＥＧＡＳＵＳ,Industrials,3600
6264,マルマエ,Industrials,3600
6265,コンバム,Industrials,3600
6266,タ  ツ  モ,Industrials,3600
6267,ゼネラルパッカー,Industrials,3600
6268,ナブテスコ,Industrials,3600
6269,三井海洋開発,Industrials,3600
6272,レオン自動機,Industrials,3600
6273,Ｓ  Ｍ  Ｃ,Industrials,3600
6276,シリウスビジョン,Technology,3650
6277,ホソカワミクロン,Industrials,3600
6278,ユニオンツール,Industrials,3600
6279,瑞    光,Industrials,3600
6282,オイレス工業,Industrials,3600
6284,日精エー・エス・ビー機械,Industrials,3600
6286,靜甲,Industrials,3600
6287,サトー,Industrials,3600
6289,技研製作所,Industrials,3600
6291,日本エアーテック,Industrials,3600
6292,カ  ワ  タ,Industrials,3600
6294,オカダアイヨン,Industrials,3600
6298,ワイエイシイＨＤ,Industrials,3600
6301,小松製作所,Industrials,3600
6302,住友重機械工業,Industrials,3600
6305,日立建機,Industrials,3600
6306,日    工,Industrials,3600
6307,サンセイ,Industrials,3600
6309,巴  工  業,Industrials,3600
6310,井関農機,Industrials,3600
6315,ＴＯＷＡ,Industrials,3600
6316,丸山製作所,Industrials,3600
6317,北川鉄工所,Industrials,3600
6322,タクミナ,Industrials,3600
6323,ローツェ,Industrials,3600
6324,ハーモニック・ドライブ,Industrials,3600
6325,タカキタ,Industrials,3600
6326,ク  ボ  タ,Industrials,3600
6327,北川精機,Industrials,3600
6328,荏原実業,Industrials,3600
6330,東洋エンジニアリング,Industrials,2050
6331,三菱化工機,Industrials,3600
6332,月島ホールディングス,Industrials,3600
6333,ＴＥＩＫＯＫＵ,Industrials,3600
6334,明治機械,Industrials,3600
6335,東京機械製作所,Industrials,3600
6336,石井表記,Industrials,3600
6337,テセック,Industrials,3600
6338,タカトリ,Industrials,3600
6339,新東工業,Industrials,3600
6340,澁谷工業,Industrials,3600
6342,太平製作所,Industrials,3600
6343,フリージア・マクロス,Industrials,3600
6345,アイチ  コーポレーション,Industrials,3600
6346,キクカワエンタープライズ,Industrials,3600
6347,プラコー,Industrials,3600
6349,小森コーポレーション,Industrials,3600
6351,鶴見製作所,Industrials,3600
6356,日本ギア工業,Industrials,3600
6357,三精テクノロジーズ,Industrials,3600
6358,酒井重工業,Industrials,3600
6360,東京自働機械製作所,Industrials,3600
6361,荏原製作所,Industrials,3600
6363,酉島製作所,Industrials,3600
6364,ＡＩＲＭＡＮ,Industrials,3600
6365,電業社機械製作所,Industrials,3600
6366,千代田化工建設,Industrials,2050
6367,ダイキン工業,Industrials,3600
6368,オルガノ,Industrials,3600
6369,トーヨーカネツ,Industrials,3600
6370,栗田工業,Industrials,3600
6371,椿本チエイン,Industrials,3600
6376,日  機  装,Technology,3750
6378,木村化工機,Industrials,3600
6379,レイズネクスト,Industrials,2050
6380,オリエンタルチエン工業,Industrials,3600
6381,アネスト岩田,Industrials,3600
6382,トリニティ工業,Industrials,3600
6383,ダイフク,Industrials,3600
6384,昭和真空,Industrials,3600
6387,サ  ム  コ,Industrials,3600
6390,加藤製作所,Industrials,3600
6391,加地テック,Industrials,3600
6392,ヤマダコーポレーション,Industrials,3600
6393,油研工業,Industrials,3600
6395,タ  ダ  ノ,Industrials,3600
6396,宇野澤組鐵工所,Industrials,3600
6400,不二精機,Industrials,3600
6402,兼松エンジニアリング,Industrials,3600
6405,鈴茂器工,Industrials,3600
6407,Ｃ  Ｋ  Ｄ,Industrials,3600
6408,小倉クラッチ,Industrials,3600
6412,平    和,Industrials,3600
6413,理想科学工業,Industrials,3600
6417,ＳＡＮＫＹＯ,Industrials,3600
6418,日本金銭機械,Industrials,3600
6419,マースグループＨＤ,Industrials,3600
6420,ガリレイホールディングス,Industrials,3600
6424,高見沢サイバネティックス,Industrials,3600
6425,ユニバーサルエンター,Industrials,3600
6428,オーイズミ,Industrials,3600
6430,ダイコク電機,Industrials,3600
6432,竹内製作所,Industrials,3600
6433,ヒーハイスト,Industrials,3600
6436,ア  マ  ノ,Industrials,3600
6440,ＪＵＫＩ,Industrials,3600
6444,サンデン,Industrials,3600
6445,ジャノメ,Industrials,3600
6448,ブラザー工業,Technology,3650
6454,マックス,Industrials,3600
6455,モリタホールディングス,Consumer Cyclical,3700
6457,グローリー,Industrials,3600
6458,新晃工業,Industrials,3600
6459,だいわ,Industrials,3600
6460,セガサミー  ＨＤ,Industrials,3600
6463,Ｔ  Ｐ  Ｒ,Industrials,3600
6464,ツバキ・ナカシマ,Industrials,3600
6465,ホシザキ,Industrials,3600
6466,Ｔ  Ｖ  Ｅ,Industrials,3600
6467,ニチダイ,Industrials,3600
6469,放電精密加工研究所,Industrials,3600
6470,大豊工業,Industrials,3600
6471,日本精工,Industrials,3600
6472,Ｎ  Ｔ  Ｎ,Industrials,3600
6473,ジェイテクト,Industrials,3600
6474,不  二  越,Industrials,3600
6479,ミネベアミツミ,Technology,3650
6480,日本トムソン,Industrials,3600
6481,Ｔ  Ｈ  Ｋ,Industrials,3600
6482,ＹＵＳＨＩＮ,Industrials,3600
6484,ＫＶＫ,Industrials,3600
6485,前澤給装工業,Industrials,3600
6486,イーグル工業,Industrials,3600
6488,ヨシタケ,Industrials,3600
6490,ＰＩＬＬＡＲ,Industrials,3600
6492,岡野バルブ製造,Industrials,3600
6493,ＮＩＴＴＡＮ,Consumer Cyclical,3700
6494,ＮＦＫホールディングス,Industrials,3600
6495,宮入バルブ製作所,Industrials,3600
6496,中北製作所,Industrials,3600
6497,ハマイ,Industrials,3600
6498,キ  ッ  ツ,Industrials,3600
6501,日立製作所,Technology,3650
6503,三菱電機,Technology,3650
6504,富士電機,Technology,3650
6505,東洋電機製造,Technology,3650
6506,安川電機,Technology,3650
6507,シンフォニアテクノロジー,Technology,3650
6508,明  電  舎,Technology,3650
6513,オリジン,Technology,3650
6516,山洋電気,Technology,3650
6517,デンヨー,Technology,3650
6518,三相電機,Technology,3650
6521,オキサイド,Technology,3650
6522,アスタリスク,Technology,3650
6523,ＰＨＣホールディングス,Technology,3650
6524,湖北工業,Technology,3650
6525,ＫＯＫＵＳＡＩ,Technology,3650
6526,ソシオネクスト,Technology,3650
6532,ベイカレント,Industrials,9050
6533,Ｏｒｃｈｅｓｔｒａ,Industrials,9050
6535,アイモバイル,Industrials,9050
6537,ＷＡＳＨハウス,Industrials,9050
6538,ディスラプターズ,Industrials,9050
6539,ＭＳ－Ｊａｐａｎ,Industrials,9050
6540,船    場,Industrials,9050
6543,日宣,Industrials,9050
6544,ジャパンエレベーター,Industrials,9050
6545,インターネットインフ,Industrials,9050
6546,フルテック,Industrials,9050
6547,グリーンズ,Industrials,9050
6548,旅工房,Industrials,9050
6549,ディーエムソリューション,Industrials,9050
6551,ツナググループ・ＨＤ,Industrials,9050
6552,ＧａｍｅＷｉｔｈ,Industrials,9050
6554,エスユーエス,Industrials,9050
6555,ＭＳ＆Ｃｏｎｓｕｌｔｉｎ,Industrials,9050
6557,ＡＩＡＩグループ,Industrials,9050
6558,クックビズ,Industrials,9050
6560,エル・ティー・エス,Industrials,9050
6561,ＨＡＮＡＴＯＵＲ,Industrials,9050
6562,ジーニー,Industrials,9050
6563,みらいワークス,Industrials,9050
6564,ミダックホールディングス,Industrials,9050
6566,要  興  業,Industrials,9050
6568,神戸天然物化学,Industrials,9050
6570,共和コーポレーション,Industrials,9050
6571,キュービーネットＨＤ,Industrials,9050
6572,オープングループ,Industrials,9050
6573,ＣＲＡＶＩＡ,Industrials,9050
6574,コンヴァノ,Industrials,9050
6577,ベストワンドットコム,Industrials,9050
6578,コレックホールディングス,Industrials,9050
6579,ログリー,Industrials,9050
6580,ライトアップ,Industrials,9050
6584,三櫻工業,Consumer Cyclical,3700
6586,マ  キ  タ,Industrials,3600
6588,東芝テック,Technology,3650
6590,芝浦メカトロニクス,Technology,3650
6592,マブチモーター,Technology,3650
6594,ニデック,Technology,3650
6597,ＨＰＣシステムズ,Technology,3650
6599,エブレン,Technology,3650
6612,バルミューダ,Technology,3650
6613,ＱＤレーザ,Technology,3650
6614,シキノハイテック,Technology,3650
6615,ＵＭＣエレクトロニクス,Technology,3650
6616,トレックスセミコンダクタ,Technology,3650
6617,東光高岳,Technology,3650
6619,ダブル・スコープ,Technology,3650
6620,宮越ホールディングス,Real Estate,8050
6622,ダイヘン,Technology,3650
6625,ＪＡＬＣＯホールディング,Real Estate,8050
6626,ＳＥＭＩＴＥＣ,Technology,3650
6627,テラプローブ,Technology,3650
6629,テクノホライゾン,Technology,3650
6630,ヤーマン,Technology,3650
6632,ＪＶＣケンウッド,Technology,3650
6633,ＣＧＳホールディングス,Technology,3650
6634,ＪＮグループ,Technology,3650
6635,大日光・エンジニアリング,Technology,3650
6637,寺崎電気産業,Technology,3650
6638,ミマキエンジニアリング,Technology,3650
6643,戸上電機製作所,Technology,3650
6644,大崎電気工業,Technology,3650
6645,オムロン,Technology,3650
6647,森尾電機,Technology,3650
6648,かわでん,Technology,3650
6651,日東工業,Technology,3650
6652,ＩＤＥＣ,Technology,3650
6653,正興電機製作所,Technology,3650
6654,不二電機工業,Technology,3650
6656,インスペック,Technology,3650
6658,シライ電子工業,Technology,3650
6659,メディアリンクス,Technology,3650
6662,ユビテック,Technology,3650
6663,太洋テクノレックス,Technology,3650
6664,オプトエレクトロニクス,Technology,3650
6666,リバーエレテック,Technology,3650
6668,アドテックプラズマ,Technology,3650
6674,ジーエス・ユアサ,Technology,3650
6675,サクサ,Technology,3650
6676,バッファロー,Technology,3650
6677,エスケーエレクトロニクス,Technology,3650
6678,テクノメディカ,Technology,3650
6694,ズーム,Technology,3650
6696,トラース・オン・プロダク,Technology,3650
6699,ダイヤモンドＨＤ,Technology,3650
6701,日本電気,Technology,3650
6702,富  士  通,Technology,3650
6703,沖電気工業,Technology,3650
6706,電気興業,Technology,3650
6707,サンケン電気,Technology,3650
6718,アイホン,Technology,3650
6721,ウインテスト,Technology,3650
6723,ルネサスエレクトロニクス,Technology,3650
6724,セイコーエプソン,Technology,3650
6727,ワ  コ  ム,Technology,3650
6728,アルバック,Technology,3650
6730,アクセル,Technology,3650
6731,ピクセラ,Technology,3650
6736,サン電子,Technology,3650
6737,ＥＩＺＯ,Technology,3650
6740,ジャパンディスプレイ,Technology,3650
6741,日本信号,Technology,3650
6742,京三製作所,Technology,3650
6743,大同信号,Technology,3650
6744,能美防災,Technology,3650
6745,ホーチキ,Technology,3650
6748,星和電機,Technology,3650
6750,エレコム,Technology,3650
6752,パナソニックＨＤ,Technology,3650
6753,シャープ,Technology,3650
6754,アンリツ,Technology,3650
6757,ＯＳＧコーポレーション,Technology,3650
6758,ソニーグループ,Technology,3650
6762,Ｔ  Ｄ  Ｋ,Technology,3650
6763,帝国通信工業,Technology,3650
6768,タムラ製作所,Technology,3650
6769,ザインエレクトロニクス,Technology,3650
6770,アルプスアルパイン,Technology,3650
6771,池上通信機,Technology,3650
6772,東京コスモス電機,Technology,3650
6775,ＴＢグループ,Technology,3650
6776,天昇電気工業,Materials,3200
6777,ｓａｎｔｅｃ  ＨＤ,Technology,3650
6778,アルチザネットワークス,Technology,3650
6779,日本電波工業,Technology,3650
6785,鈴    木,Technology,3650
6786,Ｒ  Ｖ  Ｈ,Industrials,9050
6787,メイコー,Technology,3650
6788,日本トリム,Technology,3650
6794,フォスター電機,Technology,3650
6797,名古屋電機工業,Technology,3650
6798,Ｓ  Ｍ  Ｋ,Technology,3650
6800,ヨ  コ  オ,Technology,3650
6803,ティアック,Technology,3650
6804,ホシデン,Technology,3650
6806,ヒロセ電機,Technology,3650
6807,日本航空電子工業,Technology,3650
6809,Ｔ  Ｏ  Ａ,Technology,3650
6810,マクセル,Technology,3650
6814,古野電気,Technology,3650
6817,スミダ  コーポレーション,Technology,3650
6819,伊豆シャボテンリゾート,Industrials,9050
6820,アイコム,Technology,3650
6822,大井電気,Technology,3650
6823,リ  オ  ン,Technology,3650
6824,新コスモス電機,Technology,3650
6832,アオイ電子,Technology,3650
6834,精工技研,Technology,3650
6835,アライドテレシス  ＨＤ,Technology,3650
6836,ぷらっとホーム,Technology,3650
6837,京写,Technology,3650
6838,多摩川ホールディングス,Technology,3650
6840,ＡＫＩＢＡ  ＨＤ,Technology,3650
6841,横河電機,Technology,3650
6844,新電元工業,Technology,3650
6845,アズビル,Technology,3650
6848,東亜ディーケーケー,Technology,3650
6849,日本光電工業,Technology,3650
6850,チ  ノ  ー,Technology,3650
6853,共和電業,Technology,3650
6855,日本電子材料,Technology,3650
6856,堀場製作所,Technology,3650
6857,アドバンテスト,Technology,3650
6858,小野測器,Technology,3650
6859,エスペック,Technology,3650
6861,キーエンス,Technology,3650
6862,ミナトホールディングス,Technology,3650
6863,ニレコ,Technology,3650
6864,エヌエフホールディングス,Technology,3650
6866,日置電機,Technology,3650
6867,リーダー電子,Technology,3650
6869,シスメックス,Technology,3650
6870,日本フェンオール,Technology,3650
6871,日本マイクロニクス,Technology,3650
6874,協立電機,Technology,3650
6875,メガチップス,Technology,3650
6877,ＯＢＡＲＡ  ＧＲＯＵＰ,Technology,3650
6882,三社電機製作所,Technology,3650
6888,アクモス,Communication Services,5250
6890,フェローテック,Technology,3650
6894,パルステック工業,Technology,3650
6897,ツインバード,Technology,3650
6898,トミタ電機,Technology,3650
6899,ＡＳＴＩ,Technology,3650
6902,デンソー,Consumer Cyclical,3700
6904,原田工業,Technology,3650
6905,コーセル,Technology,3650
6907,ジオマテック,Technology,3650
6908,イリソ電子工業,Technology,3650
6912,菊水ホールディングス,Technology,3650
6914,オプテックスグループ,Technology,3650
6915,千代田インテグレ,Technology,3650
6918,アバールデータ,Technology,3650
6919,ケル,Technology,3650
6920,レーザーテック,Technology,3650
6923,スタンレー電気,Technology,3650
6925,ウシオ電機,Technology,3650
6926,岡谷電機産業,Technology,3650
6927,ヘリオス  テクノ  ＨＤ,Technology,3650
6928,エノモト,Technology,3650
6929,日本セラミック,Technology,3650
6932,遠藤照明,Technology,3650
6941,山一電機,Technology,3650
6942,ソフィアホールディングス,Communication Services,5250
6943,ＮＫＫスイッチズ,Technology,3650
6946,日本アビオニクス,Technology,3650
6947,図    研,Technology,3650
6951,日本電子,Technology,3650
6952,カシオ計算機,Technology,3650
6954,ファナック,Technology,3650
6955,Ｆ  Ｄ  Ｋ,Technology,3650
6958,日本シイエムケイ,Technology,3650
6960,フクダ電子,Technology,3650
6961,エンプラス,Technology,3650
6962,大  真  空,Technology,3650
6963,ロ  ー  ム,Technology,3650
6964,サンコー,Technology,3650
6965,浜松ホトニクス,Technology,3650
6966,三井ハイテック,Technology,3650
6969,松尾電機,Technology,3650
6971,京  セ  ラ,Technology,3650
6976,太陽誘電,Technology,3650
6977,日本抵抗器製作所,Technology,3650
6981,村田製作所,Technology,3650
6982,リ  ー  ド,Consumer Cyclical,3700
6986,双葉電子工業,Technology,3650
6988,日東電工,Materials,3200
6989,北陸電気工業,Technology,3650
6993,大黒屋ホールディングス,Consumer Cyclical,6100
6994,指月電機製作所,Technology,3650
6995,東海理化電機製作所,Consumer Cyclical,3700
6996,ニチコン,Technology,3650
6997,日本ケミコン,Technology,3650
6998,日本タングステン,Technology,3650
6999,Ｋ  Ｏ  Ａ,Technology,3650
7003,三井Ｅ＆Ｓ,Industrials,3600
7004,カナデビア,Industrials,3600
7011,三菱重工業,Industrials,3600
7012,川崎重工業,Consumer Cyclical,3700
7013,Ｉ  Ｈ  Ｉ,Industrials,3600
7014,名村造船所,Consumer Cyclical,3700
7018,内海造船,Consumer Cyclical,3700
7021,ニッチツ,Industrials,3600
7022,サノヤスホールディングス,Industrials,3600
7030,スプリックス,Industrials,9050
7031,インバウンドテック,Industrials,9050
7033,マネジメントソリュー,Industrials,9050
7034,プロレド・パートナーズ,Industrials,9050
7035,ａｎｄ  ｆａｃｔｏｒｙ,Industrials,9050
7036,イーエムネットジャパン,Industrials,9050
7037,テノ．ホールディングス,Industrials,9050
7038,フロンティアＭ,Industrials,9050
7039,ブリッジインターナショＧ,Industrials,9050
7040,サン・ライフＨＤ,Industrials,9050
7041,ＣＲＧホールディングス,Industrials,9050
7042,アクセスグループＨＤ,Industrials,9050
7043,アルー,Industrials,9050
7044,ピ  ア  ラ,Industrials,9050
7046,ＴＤＳＥ,Industrials,9050
7047,ポート,Industrials,9050
7048,ベルトラ,Industrials,9050
7049,識学,Industrials,9050
7050,フロンティアインター,Industrials,9050
7057,エヌ・シー・エヌ,Industrials,9050
7058,共栄セキュリティー,Industrials,9050
7059,コプロ・ホールディングス,Industrials,9050
7060,ギークス,Industrials,9050
7061,日本ホスピスＨＤ,Industrials,9050
7062,フレアス,Industrials,9050
7063,Ｂｉｒｄｍａｎ,Industrials,9050
7064,ハウテレビジョン,Industrials,9050
7065,ユーピーアール,Industrials,9050
7066,ピアズ,Industrials,9050
7067,ブランディングテクノ,Industrials,9050
7068,フィードフォースグループ,Industrials,9050
7069,サイバー・バズ,Industrials,9050
7071,アンビスホールディングス,Industrials,9050
7072,インティメートマージャー,Industrials,9050
7073,ジェイック,Industrials,9050
7074,トゥエンティーフォーＨＤ,Industrials,9050
7075,ＱＬＳホールディングス,Industrials,9050
7077,ＡＬｉＮＫインターネット,Industrials,9050
7078,ＩＮＣＬＵＳＩＶＥ  ＨＤ,Industrials,9050
7079,ＷＤＢココ,Industrials,9050
7080,スポーツフィールド,Industrials,9050
7081,コーユーレンティア,Industrials,9050
7082,ジモティー,Industrials,9050
7083,ＡＨＣグループ,Industrials,9050
7084,Ｓｍｉｌｅ  ＨＤ,Industrials,9050
7085,カーブスホールディングス,Industrials,9050
7087,ウイルテック,Industrials,9050
7089,フォースタートアップス,Industrials,9050
7090,リグア,Industrials,9050
7091,リビングプラットフォーム,Industrials,9050
7093,アディッシュ,Industrials,9050
7094,ＮｅｘＴｏｎｅ,Industrials,9050
7095,ＭａｃｂｅｅＰｌａｎｅｔ,Industrials,9050
7096,ステムセル研究所,Industrials,9050
7097,さくらさくプラス,Industrials,9050
7102,日本車輌製造,Consumer Cyclical,3700
7110,クラシコム,Consumer Cyclical,6100
7111,ＩＮＥＳＴ,Industrials,6050
7112,キューブ,Consumer Cyclical,6100
7114,フーディソン,Industrials,6050
7115,アルファパーチェス,Industrials,6050
7119,ハルメクホールディングス,Consumer Cyclical,6100
7120,ＳＨＩＮＫＯ,Industrials,6050
7122,近畿車輌,Consumer Cyclical,3700
7126,グローバルスタイル,Consumer Cyclical,6100
7127,一家ホールディングス,Consumer Cyclical,6100
7128,ユニソルホールディングス,Industrials,6050
7129,ミアヘルサＨＤ,Consumer Cyclical,6100
7130,ヤマエグループＨＤ,Industrials,6050
7131,のむら産業,Industrials,6050
7133,ＨＹＵＧＡ,Consumer Cyclical,6100
7134,アップガレージグループ,Consumer Cyclical,6100
7135,ジャパンクラフトＨＤ,Consumer Cyclical,6100
7138,ＴＯＲＩＣＯ,Consumer Cyclical,6100
7140,ペットゴー,Consumer Cyclical,6100
7148,Ｆ  Ｐ  Ｇ,Financials,7100
7150,島根銀行,Financials,7050
7157,ライフネット生命保険,Financials,7150
7161,じもとホールディングス,Financials,7050
7162,アストマックス,Utilities,4050
7164,全国保証,Financials,7200
7167,めぶきフィナンシャルＧ,Financials,7050
7172,ジャパンインベストメント,Financials,7100
7173,東京きらぼしフィナンシャ,Financials,7050
7175,今村証券,Financials,7100
7177,ＧＭＯフィナンシャルＨＤ,Financials,7100
7180,九州フィナンシャルＧ,Financials,7050
7181,かんぽ生命保険,Financials,7150
7182,ゆうちょ銀行,Financials,7050
7183,あんしん保証,Financials,7200
7184,富山第一銀行,Financials,7050
7185,ヒロセ通商,Financials,7100
7186,横浜フィナンシャルＧ,Financials,7050
7187,ジェイリース,Financials,7200
7189,西日本フィナンシャルＨＤ,Financials,7050
7191,イントラスト,Financials,7200
7192,日本モーゲージＳ,Financials,7200
7196,Ｃａｓａ,Financials,7200
7198,ＳＢＩアルヒ,Financials,7200
7199,プレミアグループ,Financials,7200
7201,日産自動車,Consumer Cyclical,3700
7202,いすゞ自動車,Consumer Cyclical,3700
7203,トヨタ自動車,Consumer Cyclical,3700
7208,カネミツ,Consumer Cyclical,3700
7211,三菱自動車工業,Consumer Cyclical,3700
7212,エフ  テック,Consumer Cyclical,3700
7213,レシップホールディングス,Consumer Cyclical,3700
7214,Ｇ  Ｍ  Ｂ,Consumer Cyclical,3700
7215,ファルテック,Consumer Cyclical,3700
7217,テイン,Consumer Cyclical,3700
7218,田中精密工業,Consumer Cyclical,3700
7219,エッチ・ケー・エス,Consumer Cyclical,3700
7220,武蔵精密工業,Consumer Cyclical,3700
7222,日産車体,Consumer Cyclical,3700
7224,新明和工業,Consumer Cyclical,3700
7226,極東開発工業,Consumer Cyclical,3700
7228,デイトナ,Consumer Cyclical,3700
7231,トピー工業,Consumer Cyclical,3700
7235,東京ラヂエーター製造,Consumer Cyclical,3700
7236,ティラド,Consumer Cyclical,3700
7238,曙ブレーキ工業,Consumer Cyclical,3700
7239,タチエス,Consumer Cyclical,3700
7240,Ｎ  Ｏ  Ｋ,Consumer Cyclical,3700
7241,フタバ産業,Consumer Cyclical,3700
7242,カヤバ,Consumer Cyclical,3700
7244,市光工業,Technology,3650
7245,大同メタル工業,Consumer Cyclical,3700
7246,プレス工業,Consumer Cyclical,3700
7247,ミ  ク  ニ,Consumer Cyclical,3700
7254,ユニバンス,Consumer Cyclical,3700
7255,桜井製作所,Consumer Cyclical,3700
7256,河西工業,Consumer Cyclical,3700
7259,アイシン,Consumer Cyclical,3700
7261,マ  ツ  ダ,Consumer Cyclical,3700
7264,ムロコーポレーション,Consumer Cyclical,3700
7265,エイケン工業,Consumer Cyclical,3700
7266,今仙電機製作所,Consumer Cyclical,3700
7267,本田技研工業,Consumer Cyclical,3700
7269,ス  ズ  キ,Consumer Cyclical,3700
7270,ＳＵＢＡＲＵ,Consumer Cyclical,3700
7271,安    永,Consumer Cyclical,3700
7272,ヤマハ発動機,Consumer Cyclical,3700
7273,イ  ク  ヨ,Consumer Cyclical,3700
7276,小糸製作所,Technology,3650
7277,Ｔ  Ｂ  Ｋ,Consumer Cyclical,3700
7278,エクセディ,Consumer Cyclical,3700
7279,ハイレックス  コーポレ,Consumer Cyclical,3700
7280,ミ  ツ  バ,Technology,3650
7282,豊田合成,Consumer Cyclical,3700
7283,愛三工業,Consumer Cyclical,3700
7284,盟和産業,Consumer Cyclical,3700
7287,日本精機,Consumer Cyclical,3700
7291,日本プラスト,Consumer Cyclical,3700
7292,村上開明堂,Consumer Cyclical,3700
7294,ヨ  ロ  ズ,Consumer Cyclical,3700
7296,エフ・シー・シー,Consumer Cyclical,3700
7297,カーメイト,Consumer Cyclical,3700
7299,フジオーゼックス,Consumer Cyclical,3700
7305,新家工業,Materials,3450
7309,シ  マ  ノ,Consumer Cyclical,3700
7313,テイ・エス  テック,Consumer Cyclical,3700
7314,小田原機器,Consumer Cyclical,3700
7318,セレンディップ・ＨＤ,Consumer Cyclical,3700
7320,Ｓｏｌｖｖｙ,Financials,7200
7322,三十三ＦＧ,Financials,7050
7325,アイリックコーポレ,Financials,7150
7326,ＳＢＩインシュアランスＧ,Financials,7150
7327,第四北越フィナンシャルＧ,Financials,7050
7337,ひろぎんホールディングス,Financials,7050
7343,ブロードマインド,Financials,7150
7345,アイ・パートナーズ,Financials,7200
7347,マーキュリアＨＤ,Financials,7100
7350,おきなわフィナンシャルＧ,Financials,7050
7351,グッドパッチ,Industrials,9050
7352,ＴＷＯＳＴＯＮＥ＆Ｓｏｎ,Industrials,9050
7353,ＫＩＹＯラーニング,Industrials,9050
7354,ダイレクトマーケティング,Industrials,9050
7356,Ｒｅｔｔｙ,Industrials,9050
7357,ジオコード,Industrials,9050
7358,ポピンズ,Industrials,9050
7359,東京通信グループ,Industrials,9050
7360,オンデック,Industrials,9050
7361,ヒューマンクリエイション,Industrials,9050
7362,Ｔ．Ｓ．Ｉ,Industrials,9050
7363,ベビーカレンダー,Industrials,9050
7366,ＬＩＴＡＬＩＣＯ,Industrials,9050
7367,セルム,Industrials,9050
7368,表  示  灯,Industrials,9050
7369,メイホーホールディングス,Industrials,9050
7370,Ｅｎｊｉｎ,Industrials,9050
7371,Ｚｅｎｋｅｎ,Industrials,9050
7372,デコルテ・ＨＤ,Industrials,9050
7373,アイドマＨＤ,Industrials,9050
7374,コンフィデンス・インター,Industrials,9050
7375,リファインバースグループ,Industrials,9050
7376,ＢＣＣ,Industrials,9050
7377,ＤＮホールディングス,Industrials,9050
7378,アシロ,Industrials,9050
7380,十六フィナンシャルＧ,Financials,7050
7381,ＣＣＩグループ,Financials,7050
7383,ネットプロテクションズ,Financials,7200
7384,プロクレアＨＤ,Financials,7050
7388,ＦＰパートナー,Financials,7150
7389,あいちフィナンシャルＧ,Financials,7050
7399,ナンシン,Consumer Cyclical,3700
7409,ＡｅｒｏＥｄｇｅ,Consumer Cyclical,3700
7412,ア  ト  ム,Consumer Cyclical,6100
7413,創健社,Industrials,6050
7414,小  野  建,Industrials,6050
7416,はるやまホールディングス,Consumer Cyclical,6100
7417,南    陽,Industrials,6050
7419,ノ  ジ  マ,Consumer Cyclical,6100
7421,カッパ・クリエイト,Consumer Cyclical,6100
7422,東邦レマック,Industrials,6050
7425,初穂商事,Industrials,6050
7426,山大,Industrials,6050
7427,エコートレーディング,Industrials,6050
7433,伯    東,Industrials,6050
7434,オータケ,Industrials,6050
7435,ナ・デックス,Industrials,6050
7438,コンドーテック,Industrials,6050
7442,中  山  福,Industrials,6050
7443,横浜魚類,Industrials,6050
7444,ハリマ共和物産,Industrials,6050
7446,東北化学薬品,Industrials,6050
7447,ナガイレーベン,Industrials,6050
7453,良品計画,Consumer Cyclical,6100
7456,松田産業,Industrials,6050
7458,第一興商,Industrials,6050
7459,メディパルホールディング,Industrials,6050
7460,ヤ    ギ,Industrials,6050
7461,キムラ,Industrials,6050
7462,ＣＡＰＩＴＡ,Consumer Cyclical,6100
7463,アドヴァングループ,Consumer Cyclical,6100
7464,セフテック,Industrials,6050
7466,Ｓ  Ｐ  Ｋ,Industrials,6050
7472,鳥羽洋行,Industrials,6050
7475,アルビス,Consumer Cyclical,6100
7476,アズワン,Industrials,6050
7477,ムラキ,Industrials,6050
7480,スズデン,Industrials,6050
7481,尾家産業,Industrials,6050
7482,シモジマ,Industrials,6050
7483,ドウシシャ,Industrials,6050
7486,サンリン,Industrials,6050
7487,小津産業,Industrials,6050
7490,日新商事,Industrials,6050
7494,コ  ナ  カ,Consumer Cyclical,6100
7500,西川計測,Industrials,6050
7501,ティムコ,Industrials,6050
7502,プラザホールディングス,Industrials,9050
7504,高    速,Industrials,6050
7505,扶桑電通,Industrials,6050
7506,ハウス  オブ  ローゼ,Consumer Cyclical,6100
7508,Ｇ－７ホールディングス,Consumer Cyclical,6100
7509,アイエーグループ,Consumer Cyclical,6100
7510,たけびし,Industrials,6050
7512,イオン北海道,Consumer Cyclical,6100
7513,コ  ジ  マ,Consumer Cyclical,6100
7514,ヒマラヤ,Consumer Cyclical,6100
7515,マルヨシセンター,Consumer Cyclical,6100
7516,コーナン商事,Consumer Cyclical,6100
7520,エ  コ  ス,Consumer Cyclical,6100
7521,ムサシ,Industrials,6050
7522,ワ  タ  ミ,Consumer Cyclical,6100
7523,アールビバン,Consumer Cyclical,6100
7524,マルシェ,Consumer Cyclical,6100
7525,リックス,Industrials,6050
7527,システムソフト,Communication Services,5250
7531,清和中央ＨＤ,Industrials,6050
7532,パン・パシフィックＨＤ,Consumer Cyclical,6100
7537,丸    文,Industrials,6050
7538,大    水,Industrials,6050
7539,アイナボＨＤ,Industrials,6050
7544,スリーエフ,Consumer Cyclical,6100
7545,西松屋チェーン,Consumer Cyclical,6100
7550,ゼンショー  ＨＤ,Consumer Cyclical,6100
7551,ウェッズ,Consumer Cyclical,3700
7552,ハピネット,Industrials,6050
7554,幸楽苑,Consumer Cyclical,6100
7555,大田花き,Industrials,6050
7561,ハークスレイＨＤ,Consumer Cyclical,6100
7562,安  楽  亭,Consumer Cyclical,6100
7564,ワークマン,Consumer Cyclical,6100
7565,萬世電機,Industrials,6050
7567,栄電子,Industrials,6050
7570,橋本総業ホールディングス,Industrials,6050
7571,ヤマノホールディングス,Consumer Cyclical,6100
7575,日本ライフライン,Industrials,6050
7578,ニチリョク,Consumer Cyclical,6100
7581,サイゼリヤ,Consumer Cyclical,6100
7585,かんなん丸,Consumer Cyclical,6100
7590,タカショー,Industrials,6050
7593,ＶＴホールディングス,Consumer Cyclical,6100
7595,アルゴグラフィックス,Communication Services,5250
7596,魚    力,Consumer Cyclical,6100
7599,ＩＤＯＭ,Industrials,6050
7600,日本エム・ディ・エム,Technology,3750
7601,ポ  プ  ラ,Consumer Cyclical,6100
7602,レダックス,Industrials,6050
7603,ジーイエット,Consumer Cyclical,6100
7604,梅の花グループ,Consumer Cyclical,6100
7606,ユナイテッドアローズ,Consumer Cyclical,6100
7607,進    和,Industrials,6050
7608,エスケイジャパン,Industrials,6050
7609,ダイトロン,Industrials,6050
7610,テイツー,Consumer Cyclical,6100
7611,ハイデイ日高,Consumer Cyclical,6100
7613,シークス,Industrials,6050
7614,オーエムツーネットワーク,Consumer Cyclical,6100
7615,京都きもの友禅ＨＤ,Consumer Cyclical,6100
7616,コロワイド,Consumer Cyclical,6100
7619,田中商事,Industrials,6050
7621,うかい,Consumer Cyclical,6100
7624,ＮａＩＴＯ,Industrials,6050
7625,グローバルダイニング,Consumer Cyclical,6100
7628,オーハシテクニカ,Industrials,6050
7630,壱  番  屋,Consumer Cyclical,6100
7634,星医療酸器,Industrials,6050
7636,ハンズマン,Consumer Cyclical,6100
7637,白    銅,Industrials,6050
7638,ＮＥＷ  ＡＲＴ  ＨＤ,Consumer Cyclical,6100
7640,トップカルチャー,Consumer Cyclical,6100
7643,ダイイチ,Consumer Cyclical,6100
7646,ＰＬＡＮＴ,Consumer Cyclical,6100
7649,スギホールディングス,Consumer Cyclical,6100
7670,オーウエル,Industrials,6050
7673,ダイコー通産,Industrials,6050
7674,ＮＡＴＴＹ  ＨＤ,Consumer Cyclical,6100
7677,ヤシマキザイ,Industrials,6050
7678,あさくま,Consumer Cyclical,6100
7679,薬王堂ホールディングス,Consumer Cyclical,6100
7681,レオクラン,Industrials,6050
7682,浜木綿,Consumer Cyclical,6100
7683,ダブルエー,Consumer Cyclical,6100
7685,ＢｕｙＳｅｌｌ,Industrials,6050
7686,ひとまいる,Consumer Cyclical,6100
7687,ミクリード,Industrials,6050
7689,コパ・コーポレーション,Industrials,6050
7692,アースインフィニティ,Utilities,4050
7694,いつも,Consumer Cyclical,6100
7695,交換できるくん,Consumer Cyclical,6100
7698,アイスコ,Industrials,6050
7699,オムニ・プラス・システム,Industrials,6050
7701,島津製作所,Technology,3750
7702,Ｊ  Ｍ  Ｓ,Technology,3750
7707,プレシジョン・システム,Technology,3750
7709,クボテック,Technology,3750
7711,助川電気工業,Technology,3750
7713,シグマ光機,Technology,3750
7715,長野計器,Technology,3750
7716,ナカニシ,Technology,3750
7717,ブイ・テクノロジー,Technology,3750
7719,東京衡機,Technology,3750
7721,東京計器,Technology,3750
7722,国際計測器,Technology,3750
7723,愛知時計電機,Technology,3750
7725,インターアクション,Technology,3750
7726,黒田精工,Industrials,3600
7727,オーバル,Technology,3750
7729,東京精密,Technology,3750
7730,マ  ニ  ー,Technology,3750
7731,ニ  コ  ン,Technology,3750
7733,オリンパス,Technology,3750
7734,理研計器,Technology,3750
7735,ＳＣＲＥＥＮ  ＨＤ,Technology,3650
7740,タムロン,Technology,3750
7741,ＨＯＹＡ,Technology,3750
7743,シ  ー  ド,Technology,3750
7744,ノーリツ鋼機,Technology,3750
7745,Ａ＆ＤホロンＨＤ,Technology,3750
7746,岡本硝子,Technology,3750
7747,朝日インテック,Technology,3750
7749,メディキット,Technology,3750
7751,キヤノン,Technology,3650
7752,リ  コ  ー,Technology,3650
7760,ＩＭＶ,Technology,3750
7762,シチズン時計,Technology,3750
7769,リ  ズ  ム,Technology,3750
7771,日本精密,Technology,3750
7774,Ｊ・ＴＥＣ,Technology,3750
7775,大研医器,Technology,3750
7776,セルシード,Technology,3750
7777,３Ｄマトリックス,Technology,3750
7779,ＣＹＢＥＲＤＹＮＥ,Technology,3750
7780,メニコン,Technology,3750
7781,平山ホールディングス,Technology,3750
7782,シンシア,Technology,3750
7791,ドリームベッド,Industrials,3800
7792,コラントッテ,Industrials,3800
7793,イメージ・マジック,Industrials,3800
7794,イーディーピー,Industrials,3800
7795,ＫＹＯＲＩＴＳＵ,Industrials,3800
7800,アミファ,Industrials,3800
7803,ブシロード,Industrials,3800
7804,ビーアンドピー,Industrials,3800
7805,プリントネット,Industrials,3800
7806,ＭＴＧ,Industrials,3800
7807,幸和製作所,Industrials,3800
7808,シー・エス・ランバー,Industrials,3800
7809,壽屋,Industrials,3800
7810,クロスフォー,Industrials,3800
7811,中本パックス,Industrials,3800
7812,クレステック,Industrials,3800
7813,プラッツ,Industrials,3800
7814,日本創発グループ,Industrials,3800
7815,東京ボード工業,Industrials,3800
7818,トランザクション,Industrials,3800
7819,粧  美  堂,Industrials,3800
7820,ニホンフラッシュ,Industrials,3800
7821,前田工繊,Industrials,3800
7822,永大産業,Industrials,3800
7823,アートネイチャー,Industrials,3800
7826,フルヤ金属,Industrials,3800
7827,オービス,Industrials,3800
7831,ウイルコホールディングス,Industrials,3800
7832,バンダイナムコ  ＨＤ,Industrials,3800
7833,アイフィスジャパン,Industrials,3800
7836,アビックス,Industrials,3800
7837,アールシーコア,Industrials,3800
7839,ＳＨＯＥＩ,Industrials,3800
7840,フランスベッド  ＨＤ,Industrials,3800
7841,遠藤製作所,Industrials,3800
7844,マーベラス,Communication Services,5250
7846,パイロットコ－ポレ,Industrials,3800
7847,グラファイトデザイン,Industrials,3800
7849,スターツ出版,Communication Services,5250
7850,総合商研,Industrials,3800
7851,カワセ  コンピュータ,Industrials,3800
7856,萩原工業,Industrials,3800
7857,セキ,Industrials,3800
7859,アルメディオ,Industrials,3800
7860,エイベックス,Communication Services,5250
7863,平賀,Industrials,3800
7864,フジシールインターナショ,Industrials,3800
7865,ピープル,Industrials,3800
7867,タカラトミー,Industrials,3800
7868,広済堂ホールディングス,Industrials,3800
7871,フクビ化学工業,Materials,3200
7872,エステールホールディング,Industrials,3800
7874,レ  ッ  ク,Materials,3200
7875,竹田ｉＰホールディングス,Industrials,3800
7877,永大化工,Materials,3200
7878,光・彩,Industrials,3800
7879,ノ    ダ,Industrials,3800
7883,サンメッセ,Industrials,3800
7885,タ  カ  ノ,Industrials,3800
7886,ヤマトモビリティ＆Ｍｆｇ,Materials,3200
7887,南海プライウッド,Industrials,3800
7888,三光合成,Materials,3200
7893,プロネクサス,Industrials,3800
7896,セブン工業,Industrials,3800
7897,ホクシン,Industrials,3800
7898,ウッドワン,Industrials,3800
7901,マツモト,Industrials,3800
7902,ソノコム,Industrials,3800
7906,ヨネックス,Industrials,3800
7908,き  も  と,Materials,3200
7911,ＴＯＰＰＡＮ  ＨＤ,Industrials,3800
7912,大日本印刷,Industrials,3800
7914,共同印刷,Industrials,3800
7915,ＮＩＳＳＨＡ,Industrials,3800
7916,光村印刷,Industrials,3800
7917,ＺＡＣＲＯＳ,Materials,3200
7918,ヴィア・ホールディングス,Consumer Cyclical,6100
7919,野崎印刷紙業,Industrials,3800
7921,ＴＡＫＡＲＡ,Industrials,3800
7927,ムトー精工,Materials,3200
7928,旭化学工業,Materials,3200
7931,未来工業,Materials,3200
7932,ニッピ,Industrials,3800
7936,アシックス,Industrials,3800
7937,ツ  ツ  ミ,Industrials,3800
7938,リーガルコーポレーション,Industrials,3800
7939,研創,Industrials,3800
7942,Ｊ  Ｓ  Ｐ,Materials,3200
7943,ニ  チ  ハ,Materials,3400
7944,ローランド,Industrials,3800
7946,光  陽  社,Industrials,3800
7947,エフピコ,Materials,3200
7949,小松ウオール工業,Industrials,3800
7951,ヤ  マ  ハ,Industrials,3800
7952,河合楽器製作所,Industrials,3800
7953,菊水化学工業,Industrials,3800
7955,クリナップ,Industrials,3800
7956,ピジョン,Industrials,3800
7957,フジコピアン,Industrials,3800
7962,キングジム,Industrials,3800
7963,興研,Industrials,3800
7965,象印マホービン,Technology,3650
7966,リンテック,Industrials,3800
7970,信越ポリマー,Materials,3200
7971,東    リ,Materials,3200
7972,イトーキ,Industrials,3800
7974,任  天  堂,Industrials,3800
7975,リヒトラブ,Industrials,3800
7976,三菱鉛筆,Industrials,3800
7979,松    風,Technology,3750
7980,重松製作所,Industrials,3800
7981,タカラスタンダード,Industrials,3800
7983,ミ  ロ  ク,Industrials,3800
7984,コ  ク  ヨ,Industrials,3800
7985,ネ  ポ  ン,Materials,3550
7986,日本アイ・エス・ケイ,Industrials,3800
7987,ナカバヤシ,Industrials,3800
7988,ニ  フ  コ,Materials,3200
7989,立川ブラインド工業,Materials,3550
7990,グローブライド,Industrials,3800
7991,マミヤ・オーピー,Industrials,3600
7992,セーラー万年筆,Industrials,3800
7994,オカムラ,Industrials,3800
7995,バルカー,Materials,3200
7997,くろがね工作所,Industrials,3800
8001,伊藤忠商事,Industrials,6050
8002,丸    紅,Industrials,6050
8005,スクロール,Consumer Cyclical,6100
8006,ユアサ・フナショク,Industrials,6050
8007,高    島,Industrials,6050
8008,ヨンドシーホールディング,Consumer Cyclical,6100
8011,三陽商会,Consumer Cyclical,3100
8012,長瀬産業,Industrials,6050
8013,ナイガイ,Consumer Cyclical,3100
8014,蝶    理,Industrials,6050
8015,豊田通商,Industrials,6050
8016,オンワード  ＨＤ,Consumer Cyclical,3100
8018,三共生興,Industrials,6050
8020,兼    松,Industrials,6050
8022,美  津  濃,Industrials,3800
8023,ＤＡＩＫＯ  ＸＴＥＣＨ,Communication Services,5250
8025,ツカモトコーポレーション,Industrials,6050
8029,ルックホールディングス,Consumer Cyclical,3100
8030,中央魚類,Industrials,6050
8031,三井物産,Industrials,6050
8032,日本紙パルプ商事,Industrials,6050
8035,東京エレクトロン,Technology,3650
8037,カ  メ  イ,Industrials,6050
8039,築地魚市場,Industrials,6050
8040,東京ソワール,Consumer Cyclical,3100
8041,ＯＵＧ  ホールディングス,Industrials,6050
8043,スターゼン,Industrials,6050
8045,横浜丸魚,Industrials,6050
8046,丸藤シートパイル,Industrials,6050
8050,セイコーグループ,Technology,3750
8051,山    善,Industrials,6050
8052,椿本興業,Industrials,6050
8053,住友商事,Industrials,6050
8056,ＢＩＰＲＯＧＹ,Communication Services,5250
8057,内田洋行,Industrials,6050
8058,三菱商事,Industrials,6050
8059,第一実業,Industrials,6050
8060,キヤノン  マーケティング,Industrials,6050
8061,西華産業,Industrials,6050
8065,佐藤商事,Industrials,6050
8066,三谷商事,Industrials,6050
8070,東京産業,Industrials,6050
8074,ＹＵＡＳＡ,Industrials,6050
8075,神鋼商事,Industrials,6050
8076,カノークス,Industrials,6050
8077,ト  ル  ク,Industrials,6050
8078,阪和興業,Industrials,6050
8079,正栄食品工業,Industrials,6050
8081,カナデン,Industrials,6050
8084,ＲＹＯＤＥＮ,Industrials,6050
8085,ナラサキ産業,Industrials,6050
8086,ニ  プ  ロ,Technology,3750
8088,岩谷産業,Industrials,6050
8089,ナ  イ  ス,Industrials,6050
8091,ニチモウ,Industrials,6050
8093,極東貿易,Industrials,6050
8095,アステナホールディングス,Industrials,6050
8097,三愛オブリ,Industrials,6050
8098,稲畑産業,Industrials,6050
8101,ＧＳＩクレオス,Industrials,6050
8103,明和産業,Industrials,6050
8104,クワザワホールディングス,Industrials,6050
8105,ＢｉｔｃｏｉｎＪａｐａｎ,Industrials,6050
8107,キムラタン,Consumer Cyclical,3100
8111,ゴールドウイン,Consumer Cyclical,3100
8113,ユニ・チャーム,Materials,3200
8115,ムーンバット,Industrials,6050
8117,中央自動車工業,Industrials,6050
8118,キ  ン  グ,Consumer Cyclical,3100
8119,三栄コーポレーション,Industrials,6050
8123,川辺,Industrials,6050
8125,ワ  キ  タ,Industrials,6050
8127,ヤマトインターナショナル,Consumer Cyclical,3100
8129,東邦ホールディングス,Industrials,6050
8130,サンゲツ,Industrials,6050
8131,ミツウロコグループ  ＨＤ,Industrials,6050
8132,シナネンホールディングス,Industrials,6050
8133,伊藤忠エネクス,Industrials,6050
8135,ゼ  ッ  ト,Industrials,6050
8136,サンリオ,Industrials,6050
8137,サンワテクノス,Industrials,6050
8138,三京化成,Industrials,6050
8139,ナガホリ,Industrials,6050
8141,新光商事,Industrials,6050
8142,トーホー,Industrials,6050
8143,ラピーヌ,Consumer Cyclical,3100
8144,デンキョーグループＨＤ,Industrials,6050
8147,トミタ,Industrials,6050
8150,三信電気,Industrials,6050
8151,東陽テクニカ,Industrials,6050
8152,ソマール,Industrials,6050
8153,モスフードサービス,Industrials,6050
8154,加賀電子,Industrials,6050
8157,都築電気,Communication Services,5250
8158,ソーダニッカ,Industrials,6050
8159,立花エレテック,Industrials,6050
8160,木  曽  路,Consumer Cyclical,6100
8163,ＳＲＳホールディングス,Consumer Cyclical,6100
8165,千  趣  会,Consumer Cyclical,6100
8166,タカキュー,Consumer Cyclical,6100
8167,リテールパートナーズ,Consumer Cyclical,6100
8173,Ｊｏｓｈｉｎ,Consumer Cyclical,6100
8174,日本瓦斯,Consumer Cyclical,6100
8179,ロイヤルホールディングス,Consumer Cyclical,6100
8181,東  天  紅,Consumer Cyclical,6100
8185,チ  ヨ  ダ,Consumer Cyclical,6100
8194,ライフコーポレーション,Consumer Cyclical,6100
8198,マックスバリュ東海,Consumer Cyclical,6100
8200,リンガーハット,Consumer Cyclical,6100
8202,ラオックスホールディング,Consumer Cyclical,6100
8203,ＭｒＭａｘＨＤ,Consumer Cyclical,6100
8207,テンアライド,Consumer Cyclical,6100
8214,ＡＯＫＩホールディングス,Consumer Cyclical,6100
8217,オークワ,Consumer Cyclical,6100
8218,コ  メ  リ,Consumer Cyclical,6100
8219,青山商事,Consumer Cyclical,6100
8225,タカチホ,Industrials,6050
8226,理    経,Industrials,6050
8227,しまむら,Consumer Cyclical,6100
8230,はせがわ,Consumer Cyclical,6100
8233,高  島  屋,Consumer Cyclical,6100
8237,松    屋,Consumer Cyclical,6100
8242,エイチ・ツー・オー,Consumer Cyclical,6100
8244,近鉄百貨店,Consumer Cyclical,6100
8247,大    和,Consumer Cyclical,6100
8252,丸井グループ,Consumer Cyclical,6100
8253,クレディセゾン,Financials,7200
8254,さいか屋,Consumer Cyclical,6100
8255,アクシアル  リテイリング,Consumer Cyclical,6100
8260,井  筒  屋,Consumer Cyclical,6100
8267,イ  オ  ン,Consumer Cyclical,6100
8273,イ  ズ  ミ,Consumer Cyclical,6100
8275,フォーバル,Industrials,6050
8276,平  和  堂,Consumer Cyclical,6100
8278,フ    ジ,Consumer Cyclical,6100
8281,ゼビオホールディングス,Consumer Cyclical,6100
8282,ケーズホールディングス,Consumer Cyclical,6100
8285,三谷産業,Industrials,6050
8291,日産東京販売  ＨＤ,Consumer Cyclical,6100
8303,ＳＢＩ新生銀行,Financials,7050
8304,あおぞら銀行,Financials,7050
8306,三菱ＵＦＪフィナンシャル,Financials,7050
8308,りそなホールディングス,Financials,7050
8309,三井住友トラストグループ,Financials,7050
8316,三井住友フィナンシャル,Financials,7050
8331,千葉銀行,Financials,7050
8334,群馬銀行,Financials,7050
8336,武蔵野銀行,Financials,7050
8337,千葉興業銀行,Financials,7050
8338,筑波銀行,Financials,7050
8341,七十七銀行,Financials,7050
8343,秋田銀行,Financials,7050
8344,山形銀行,Financials,7050
8345,岩手銀行,Financials,7050
8346,東邦銀行,Financials,7050
8349,東北銀行,Financials,7050
8354,ふくおかフィナンシャルＧ,Financials,7050
8358,スルガ銀行,Financials,7050
8359,八十二長野銀行,Financials,7050
8360,山梨中央銀行,Financials,7050
8361,大垣共立銀行,Financials,7050
8362,福井銀行,Financials,7050
8364,清水銀行,Financials,7050
8365,富山銀行,Financials,7050
8366,滋賀銀行,Financials,7050
8367,南都銀行,Financials,7050
8368,百五銀行,Financials,7050
8370,紀陽銀行,Financials,7050
8377,ほくほくフィナンシャル,Financials,7050
8381,山陰合同銀行,Financials,7050
8383,鳥取銀行,Financials,7050
8386,百十四銀行,Financials,7050
8387,四国銀行,Financials,7050
8388,阿波銀行,Financials,7050
8392,大分銀行,Financials,7050
8393,宮崎銀行,Financials,7050
8395,佐賀銀行,Financials,7050
8399,琉球銀行,Financials,7050
8410,セブン銀行,Financials,7050
8411,みずほフィナンシャル,Financials,7050
8416,高知銀行,Financials,7050
8418,山口フィナンシャルＧ,Financials,7050
8424,芙蓉総合リース,Financials,7200
8425,みずほリース,Financials,7200
8439,東京センチュリー,Financials,7200
8473,ＳＢＩホールディングス,Financials,7100
8508,Ｊトラスト,Financials,7200
8511,日本証券金融,Financials,7200
8518,日本アジア投資,Financials,7100
8522,名古屋銀行,Financials,7050
8524,北洋銀行,Financials,7050
8537,大光銀行,Financials,7050
8541,愛媛銀行,Financials,7050
8542,トマト銀行,Financials,7050
8544,京葉銀行,Financials,7050
8550,栃木銀行,Financials,7050
8551,北日本銀行,Financials,7050
8558,東和銀行,Financials,7050
8562,福島銀行,Financials,7050
8563,大東銀行,Financials,7050
8566,リコーリース,Financials,7200
8570,イオンフィナンシャル,Financials,7200
8572,ア  コ  ム,Financials,7200
8584,ジャックス,Financials,7200
8585,オリエント  コーポレ,Financials,7200
8591,オリックス,Financials,7200
8593,三菱ＨＣキャピタル,Financials,7200
8595,ジャフコ  グループ,Financials,7100
8596,九州リースサービス,Financials,7200
8600,トモニホールディングス,Financials,7050
8601,大和証券Ｇ  本社,Financials,7100
8604,野村ホールディングス,Financials,7100
8609,岡三証券グループ,Financials,7100
8613,丸三証券,Financials,7100
8614,東洋証券,Financials,7100
8616,東海東京フィナンシャル,Financials,7100
8617,光世証券,Financials,7100
8622,水戸証券,Financials,7100
8624,いちよし証券,Financials,7100
8628,松井証券,Financials,7100
8630,ＳＯＭＰＯ  ＨＤ,Financials,7150
8697,日本取引所グループ,Financials,7200
8698,マネックスグループ,Financials,7100
8699,ＨＳホールディングス,Financials,7100
8700,丸八証券,Financials,7100
8704,トレイダーズＨＤ,Financials,7100
8705,日産証券グループ,Financials,7100
8706,極東証券,Financials,7100
8707,岩井コスモ  ＨＤ,Financials,7100
8708,アイザワ証券グループ,Financials,7100
8713,フィデアホールディングス,Financials,7050
8714,池田泉州ホールディングス,Financials,7050
8715,アニコムホールディングス,Financials,7150
8725,ＭＳ＆ＡＤインシュアラン,Financials,7150
8729,ソニーフィナンシャルＧ,Financials,7150
8737,あかつき本社,Financials,7100
8739,スパークス・グループ,Financials,7100
8742,小林洋行,Financials,7100
8746,ｕｎｂａｎｋｅｄ,Financials,7100
8747,豊トラスティ証券,Financials,7100
8750,第一ライフグループ,Financials,7150
8766,東京海上ホールディングス,Financials,7150
8769,アドバンテッジリスク,Industrials,9050
8771,イー・ギャランティ,Financials,7200
8772,アサックス,Financials,7200
8783,ａｂｃ,Financials,7200
8789,フィンテック  グローバル,Financials,7200
8793,ＮＥＣキャピタル,Financials,7200
8795,Ｔ＆Ｄホールディングス,Financials,7150
8798,アドバンスクリエイト,Financials,7150
8801,三井不動産,Real Estate,8050
8802,三菱地所,Real Estate,8050
8803,平和不動産,Real Estate,8050
8804,東京建物,Real Estate,8050
8818,京阪神ビルディング,Real Estate,8050
8830,住友不動産,Real Estate,8050
8835,太平洋興発,Industrials,6050
8836,ＲＩＳＥ,Real Estate,8050
8841,テーオーシー,Real Estate,8050
8844,コスモスイニシア,Real Estate,8050
8848,レオパレス  ２１,Real Estate,8050
8850,スターツコーポレーション,Real Estate,8050
8860,フジ住宅,Real Estate,8050
8864,空港施設,Real Estate,8050
8869,明和地所,Real Estate,8050
8871,ゴールドクレスト,Real Estate,8050
8876,リログループ,Industrials,9050
8877,エスリード,Real Estate,8050
8881,日神グループＨＤ,Real Estate,8050
8887,シーラホールディングス,Real Estate,8050
8891,ＡＭＧホールディングス,Real Estate,8050
8892,エスコン,Real Estate,8050
8894,ＲＥＶＯＬＵＴＩＯＮ,Real Estate,8050
8897,ＭＩＲＡＲＴＨ  ＨＤ,Real Estate,8050
8898,センチュリー２１ジャパン,Real Estate,8050
8904,ＡＶＡＮＴＩＡ,Real Estate,8050
8908,毎日コムネット,Real Estate,8050
8912,エリアクエスト,Real Estate,8050
8914,エリアリンク,Real Estate,8050
8917,ファースト住建,Real Estate,8050
8918,ラ  ン  ド,Real Estate,8050
8919,カチタス,Real Estate,8050
8920,東    祥,Industrials,9050
8923,トーセイ,Real Estate,8050
8927,明豊エンタープライズ,Real Estate,8050
8928,穴吹興産,Real Estate,8050
8929,青山財産ネット,Real Estate,8050
8931,和田興産,Real Estate,8050
8934,サンフロンティア不動産,Real Estate,8050
8935,ＦＪネクストＨＤ,Real Estate,8050
8938,グローム・ＨＤ,Real Estate,8050
8944,ランドビジネス,Real Estate,8050
8945,サンネクスタグループ,Real Estate,8050
8946,ＡＳＩＡＮ  ＳＴＡＲ,Real Estate,8050
8995,誠建設工業,Real Estate,8050
8996,ハウスフリーダム,Real Estate,8050
8999,グランディハウス,Real Estate,8050
9001,東武鉄道,Industrials,5050
9003,相鉄ホールディングス,Industrials,5050
9005,東    急,Industrials,5050
9006,京浜急行電鉄,Industrials,5050
9007,小田急電鉄,Industrials,5050
9008,京王電鉄,Industrials,5050
9009,京成電鉄,Industrials,5050
9010,富士急行,Industrials,5050
9012,秩父鉄道,Industrials,5050
9017,新潟交通,Industrials,5050
9020,東日本旅客鉄道,Industrials,5050
9021,西日本旅客鉄道,Industrials,5050
9022,東海旅客鉄道,Industrials,5050
9023,東京メトロ,Industrials,5050
9024,西武ホールディングス,Industrials,5050
9025,鴻池運輸,Industrials,5050
9028,ゼ    ロ,Industrials,5050
9029,ヒガシホールディングス,Industrials,5050
9031,西日本鉄道,Industrials,5050
9033,広島電鉄,Industrials,5050
9034,南総通運,Industrials,5050
9036,東部ネットワーク,Industrials,5050
9037,ハマキョウレックス,Industrials,5050
9039,サカイ引越センター,Industrials,5050
9041,近鉄グループＨＤ,Industrials,5050
9042,阪急阪神ホールディングス,Industrials,5050
9044,ＮＡＮＫＡＩ,Industrials,5050
9045,京阪ホールディングス,Industrials,5050
9046,神戸電鉄,Industrials,5050
9048,名古屋鉄道,Industrials,5050
9049,京福電気鉄道,Industrials,5050
9051,センコン物流,Industrials,5050
9052,山陽電気鉄道,Industrials,5050
9057,遠州トラック,Industrials,5050
9059,カンダホールディングス,Industrials,5050
9060,日本ロジテム,Industrials,5050
9063,岡山県貨物運送,Industrials,5050
9064,ヤマトホールディングス,Industrials,5050
9065,山    九,Industrials,5050
9068,丸全昭和運輸,Industrials,5050
9069,センコーグループＨＤ,Industrials,5050
9072,ニッコンホールディングス,Industrials,5050
9073,京極運輸商事,Industrials,5050
9074,日本石油輸送,Industrials,5050
9075,福山通運,Industrials,5050
9076,セイノーホールディングス,Industrials,5050
9081,神奈川中央交通,Industrials,5050
9082,大和自動車交通,Industrials,5050
9083,神姫バス,Industrials,5050
9087,タカセ,Industrials,5050
9090,ＡＺ－ＣＯＭマルワＨＤ,Industrials,5050
9101,日本郵船,Industrials,5100
9104,商船三井,Industrials,5100
9107,川崎汽船,Industrials,5100
9110,ＮＳユナイテッド海運,Industrials,5100
9115,明海グループ,Industrials,5100
9119,飯野海運,Industrials,5100
9127,玉井商船,Industrials,5100
9130,共栄タンカー,Industrials,5100
9142,九州旅客鉄道,Industrials,5050
9143,ＳＧホールディングス,Industrials,5050
9145,ビーイングホールディング,Industrials,5050
9147,ＮＩＰＰＯＮ  ＥＸＰＲＥ,Industrials,5050
9158,シーユーシー,Industrials,9050
9159,Ｗ  ＴＯＫＹＯ,Industrials,9050
9160,オンザページ,Industrials,9050
9162,ブリーチ,Industrials,9050
9163,ナレルグループ,Industrials,9050
9165,クオルテック,Industrials,9050
9166,ＧＥＮＤＡ,Industrials,9050
9168,ライズ・コンサルティング,Industrials,9050
9171,栗林商船,Industrials,5100
9173,東海汽船,Industrials,5100
9193,東京汽船,Industrials,5200
9201,日本航空,Industrials,5150
9202,ＡＮＡホールディングス,Industrials,5150
9204,スカイマーク,Industrials,5150
9206,スターフライヤー,Industrials,5150
9211,エフ・コード,Industrials,9050
9212,Ｇｒｅｅｎ  Ｅａｒｔｈ,Industrials,9050
9213,セイファート,Industrials,9050
9214,Ｒｅｃｏｖｅｒｙ,Industrials,9050
9215,ＣａＳｙ,Industrials,9050
9216,ビーウィズ,Industrials,9050
9218,メンタルヘルスＴ,Industrials,9050
9219,ギックス,Industrials,9050
9220,エフビー介護サービス,Industrials,9050
9221,フルハシＥＰＯ,Industrials,9050
9223,ＡＳＮＯＶＡ,Industrials,9050
9225,ブリッジコンサルティング,Industrials,9050
9227,マイクロ波化学,Industrials,9050
9229,サンウェルズ,Industrials,9050
9233,アジア航測,Industrials,5150
9235,売れるネット広告社Ｇ,Industrials,9050
9236,ジャパンＭ＆Ａ,Industrials,9050
9237,笑美面,Industrials,9050
9238,バリュークリエーション,Industrials,9050
9240,デリバリーコンサルティン,Industrials,9050
9241,フューチャーリンクネット,Industrials,9050
9242,メディア総研,Industrials,9050
9244,デジタリフト,Industrials,9050
9245,リベロ,Industrials,9050
9246,プロジェクトＨＤ,Industrials,9050
9247,ＴＲＥホールディングス,Industrials,9050
9248,人・夢・技術グループ,Industrials,9050
9249,日本エコシステム,Industrials,9050
9250,ＧＲＣＳ,Industrials,9050
9251,ＡＢ＆Ｃｏｍｐａｎｙ,Industrials,9050
9252,ラストワンマイル,Industrials,9050
9253,スローガン,Industrials,9050
9254,ラバブルマーケティング,Industrials,9050
9256,サクシード,Industrials,9050
9257,ＹＣＰホールディングス,Industrials,9050
9258,ＣＳ－Ｃ,Industrials,9050
9259,タカヨシホールディングス,Industrials,9050
9262,シルバーライフ,Consumer Cyclical,6100
9264,ポエック,Industrials,6050
9265,ヤマシタヘルスケアＨＤ,Industrials,6050
9267,Ｇｅｎｋｙ  Ｄｒｕｇ,Consumer Cyclical,6100
9268,オプティマスグループ,Industrials,6050
9270,バリュエンスＨＤ,Industrials,6050
9271,和心,Consumer Cyclical,6100
9272,ブティックス,Industrials,9050
9273,コーア商事ホールディング,Industrials,6050
9274,ＫＰＰグループＨＤ,Industrials,6050
9278,ブックオフグループＨＤ,Consumer Cyclical,6100
9279,ギフトホールディングス,Consumer Cyclical,6100
9301,三菱倉庫,Industrials,5200
9302,三井倉庫ホールディングス,Industrials,5200
9303,住友倉庫,Industrials,5200
9304,澁澤倉庫,Industrials,5200
9305,ヤマタネ,Industrials,6050
9306,東陽倉庫,Industrials,5200
9307,杉村倉庫,Industrials,5200
9308,乾  汽  船,Industrials,5100
9310,日本トランスシティ,Industrials,5200
9311,アサガミ,Industrials,5200
9312,ケイヒン,Industrials,5200
9313,丸八倉庫,Industrials,5200
9319,中央倉庫,Industrials,5200
9322,川西倉庫,Industrials,5200
9324,安田倉庫,Industrials,5200
9325,ファイズホールディングス,Industrials,5200
9326,関通ホールディングス,Industrials,5200
9327,イー・ロジット,Industrials,5200
9330,揚羽,Industrials,9050
9331,キャスター,Industrials,9050
9332,ＮＩＳＳＯホールディング,Industrials,9050
9336,大栄環境,Industrials,9050
9337,トリドリ,Industrials,9050
9339,コーチ・エイ,Industrials,9050
9340,アソインターナショナル,Industrials,9050
9341,ＧＥＮＯＶＡ,Industrials,9050
9342,スマサポ,Industrials,9050
9343,アイビス,Industrials,9050
9344,アクシスコンサルティング,Industrials,9050
9345,ビズメイツ,Industrials,9050
9346,ココルポート,Industrials,9050
9347,日本管財ホールディングス,Industrials,9050
9348,ｉｓｐａｃｅ,Industrials,9050
9351,東洋埠頭,Industrials,5200
9353,櫻島埠頭,Industrials,5200
9355,リンコーコーポレーション,Industrials,5200
9360,鈴与シンワート,Communication Services,5250
9361,伏木海陸運送,Industrials,5200
9362,兵機海運,Industrials,5200
9363,大    運,Industrials,5200
9364,上    組,Industrials,5200
9365,トレーディア,Industrials,5200
9366,サンリツ,Industrials,5200
9367,大東港運,Industrials,5200
9368,キムラユニティー,Industrials,5200
9369,キューソー流通システム,Industrials,5200
9376,ユーラシア旅行社,Industrials,9050
9380,東  海  運,Industrials,5200
9381,エーアイテイ－,Industrials,5200
9385,ショーエイコーポレ,Materials,3200
9399,ビート・ＨＤ・リミテッド,Communication Services,5250
9401,ＴＢＳホールディングス,Communication Services,5250
9404,日本テレビ  ＨＤ,Communication Services,5250
9405,朝日放送グループＨＤ,Communication Services,5250
9408,ＢＳＮメディアＨＤ,Communication Services,5250
9409,テレビ朝日ＨＤ,Communication Services,5250
9412,スカパーＪＳＡＴ,Communication Services,5250
9413,テレビ東京  ＨＤ,Communication Services,5250
9414,日本ＢＳ放送,Communication Services,5250
9416,ビジョン,Communication Services,5250
9417,スマートバリュー,Communication Services,5250
9418,Ｕ－ＮＥＸＴ  ＨＤ,Communication Services,5250
9419,ワイヤレスゲート,Communication Services,5250
9421,エヌジェイ  ＨＤ,Communication Services,5250
9423,フォーバル・ＲＳ,Communication Services,5250
9424,日本通信,Communication Services,5250
9425,ＲｅＹｕｕ  Ｊａｐａｎ,Communication Services,5250
9428,クロップス,Communication Services,5250
9432,ＮＴＴ,Communication Services,5250
9433,ＫＤＤＩ,Communication Services,5250
9434,ソフトバンク,Communication Services,5250
9435,光  通  信,Communication Services,5250
9436,沖縄セルラー電話,Communication Services,5250
9438,エムティーアイ,Communication Services,5250
9439,エム・エイチ・グループ,Industrials,9050
9441,ベルパーク,Communication Services,5250
9444,トーシンホールディングス,Communication Services,5250
9445,フォーバルテレコム,Communication Services,5250
9446,サカイホールディングス,Communication Services,5250
9449,ＧＭＯインターネットＧ,Communication Services,5250
9450,ファイバーゲート,Communication Services,5250
9466,アイドママーケティング,Communication Services,5250
9467,アルファポリス,Communication Services,5250
9468,ＫＡＤＯＫＡＷＡ,Communication Services,5250
9470,学研ホールディングス,Communication Services,5250
9474,ゼンリン,Communication Services,5250
9475,昭文社ホールディングス,Communication Services,5250
9476,中央経済社ＨＤ,Communication Services,5250
9478,ＳＥホールディングス,Communication Services,5250
9501,東京電力ホールディングス,Utilities,4050
9502,中部電力,Utilities,4050
9503,関西電力,Utilities,4050
9504,中国電力,Utilities,4050
9505,北陸電力,Utilities,4050
9506,東北電力,Utilities,4050
9507,四国電力,Utilities,4050
9508,九州電力,Utilities,4050
9509,北海道電力,Utilities,4050
9511,沖縄電力,Utilities,4050
9513,電源開発,Utilities,4050
9514,エフオン,Utilities,4050
9517,イーレックス,Utilities,4050
9519,レ  ノ  バ,Utilities,4050
9531,東京瓦斯,Utilities,4050
9532,大阪瓦斯,Utilities,4050
9533,東邦瓦斯,Utilities,4050
9534,北海道瓦斯,Utilities,4050
9535,広島ガス,Utilities,4050
9536,西部ガスホールディングス,Utilities,4050
9537,北陸瓦斯,Utilities,4050
9539,京葉瓦斯,Utilities,4050
9543,静岡ガス,Utilities,4050
9551,メタウォーター,Utilities,4050
9552,クオンツ総研ＨＤ,Industrials,9050
9553,マイクロアド,Industrials,9050
9554,ＡＶｉＣ,Industrials,9050
9556,ＩＮＴＬＯＯＰ,Industrials,9050
9557,エアークローゼット,Industrials,9050
9558,ジャパニアス,Industrials,9050
9560,プログリット,Industrials,9050
9561,グラッドキューブ,Industrials,9050
9562,ビジネスコーチ,Industrials,9050
9563,Ａｔｌａｓ  Ｔｅｃｈｎｏ,Industrials,9050
9564,ＦＣＥ,Industrials,9050
9565,ＧＬＯＥ,Industrials,9050
9601,松    竹,Communication Services,5250
9602,東    宝,Communication Services,5250
9603,エイチ・アイ・エス,Industrials,9050
9605,東    映,Communication Services,5250
9610,ウィルソン・ラーニング,Industrials,9050
9612,ラックランド,Industrials,9050
9616,共立メンテナンス,Industrials,9050
9619,イチネンホールディングス,Industrials,9050
9621,建設技術研究所,Industrials,9050
9622,スペース,Industrials,9050
9625,セレスポ,Industrials,9050
9627,アインホールディングス,Consumer Cyclical,6100
9628,燦ホ－ルディングス,Industrials,9050
9629,ピー・シー・エー,Communication Services,5250
9632,スバル興業,Industrials,9050
9633,東京テアトル,Real Estate,8050
9635,武蔵野興業,Industrials,9050
9636,きんえい,Industrials,9050
9639,三協フロンテア,Industrials,9050
9640,セゾンテクノロジー,Communication Services,5250
9644,タナベコンサルティング,Industrials,9050
9647,協和コンサルタンツ,Industrials,9050
9651,日本プロセス,Communication Services,5250
9656,グリーンランドリゾート,Industrials,9050
9658,ビジネスブレイン太田昭和,Communication Services,5250
9661,歌舞伎座,Industrials,9050
9663,ナ  ガ  ワ,Industrials,9050
9672,東京都競馬,Industrials,9050
9678,カナモト,Industrials,9050
9679,ホウライ,Industrials,9050
9682,Ｄ  Ｔ  Ｓ,Communication Services,5250
9684,スクウェア・エニックス,Communication Services,5250
9685,ＫＹＣＯＭホールディング,Communication Services,5250
9686,東洋テック,Industrials,9050
9687,ＫＳＫ,Communication Services,5250
9691,両毛システムズ,Communication Services,5250
9692,シーイーシー,Communication Services,5250
9697,カプコン,Communication Services,5250
9698,クレオ,Communication Services,5250
9699,ニシオホーディングス,Industrials,9050
9701,東京會館,Industrials,9050
9702,アイ・エス・ビー,Communication Services,5250
9704,アゴーラ  ホスピタリティ,Industrials,9050
9706,日本空港ビルデング,Real Estate,8050
9708,帝国ホテル,Industrials,9050
9709,ＮＣＳ＆Ａ,Communication Services,5250
9713,ロイヤルホテル,Industrials,9050
9715,トランス・コスモス,Industrials,9050
9716,乃村工藝社,Industrials,9050
9720,ホテル、ニューグランド,Industrials,9050
9722,藤田観光,Industrials,9050
9723,京都ホテル,Industrials,9050
9726,ＫＮＴ－ＣＴ  ＨＤ,Industrials,9050
9729,トーカイ,Industrials,9050
9731,白  洋  舎,Industrials,9050
9733,ナガセ,Industrials,9050
9735,セ  コ  ム,Industrials,9050
9739,ＮＳＷ,Communication Services,5250
9740,セントラル警備保障,Industrials,9050
9742,アイネス,Communication Services,5250
9743,丹  青  社,Industrials,9050
9744,メイテックグループＨＤ,Industrials,9050
9746,Ｔ  Ｋ  Ｃ,Communication Services,5250
9753,アイエックス・ナレッジ,Communication Services,5250
9755,応用地質,Industrials,9050
9757,船井総研ホールディングス,Industrials,9050
9759,Ｎ  Ｓ  Ｄ,Communication Services,5250
9760,進学会ホールディングス,Industrials,9050
9761,東海リース,Industrials,9050
9763,丸建リース,Industrials,6050
9765,オ  オ  バ,Industrials,9050
9766,コナミグループ,Communication Services,5250
9767,日建工学,Industrials,9050
9768,い  で  あ,Industrials,9050
9769,学  究  社,Industrials,9050
9778,昴,Industrials,9050
9780,ハリマビステム,Industrials,9050
9782,ディーエムエス,Industrials,9050
9788,ナ  ッ  ク,Industrials,9050
9790,福井コンピュータ  ＨＤ,Communication Services,5250
9791,ビケンテクノ,Industrials,9050
9793,ダイセキ,Industrials,9050
9795,ステップ,Industrials,9050
9799,旭情報サービス,Communication Services,5250
9812,テーオーＨＤ,Consumer Cyclical,6100
9816,ストライダーズ,Real Estate,8050
9818,大丸エナウィン,Industrials,6050
9820,エムティジェネックス,Real Estate,8050
9823,マミーマートＨＤ,Consumer Cyclical,6100
9824,泉州電業,Industrials,6050
9827,リリカラ,Industrials,6050
9828,Ｇｅｎｋｉ  Ｇｌｏｂａｌ,Consumer Cyclical,6100
9830,トラスコ中山,Industrials,6050
9831,ヤマダホールディングス,Consumer Cyclical,6100
9832,オートバックスセブン,Industrials,6050
9835,ジュンテンドー,Consumer Cyclical,6100
9837,モ  リ  ト,Industrials,6050
9842,アークランズ,Consumer Cyclical,6100
9843,ニトリホールディングス,Consumer Cyclical,6100
9845,パーカーコーポレーション,Materials,3200
9846,天満屋ストア,Consumer Cyclical,6100
9849,共同紙販ＨＤ,Industrials,6050
9850,グルメ杵屋,Consumer Cyclical,6100
9853,銀座ルノアール,Consumer Cyclical,6100
9854,愛    眼,Consumer Cyclical,6100
9856,ケーユーホールディングス,Consumer Cyclical,6100
9857,英    和,Industrials,6050
9861,吉野家ホールディングス,Consumer Cyclical,6100
9867,ソレキア,Industrials,6050
9869,加藤産業,Industrials,6050
9872,北    恵,Industrials,6050
9876,コックス,Consumer Cyclical,6100
9878,セ  キ  ド,Consumer Cyclical,6100
9880,イノテック,Technology,3650
9882,イエローハット,Industrials,6050
9885,シャルレ,Industrials,6050
9887,松屋フーズホールディング,Consumer Cyclical,6100
9888,ＵＥＸ,Industrials,6050
9889,ＪＢＣＣホールディングス,Communication Services,5250
9890,マキヤ,Consumer Cyclical,6100
9895,コンセック,Industrials,6050
9896,ＪＫホールディングス,Industrials,6050
9900,サガミホールディングス,Consumer Cyclical,6100
9902,日    伝,Industrials,6050
9903,カンセキ,Consumer Cyclical,6100
9904,ベ  リ  テ,Consumer Cyclical,6100
9906,藤井産業,Industrials,6050
9908,日本電計,Industrials,6050
9913,日邦産業,Industrials,6050
9914,植松商会,Industrials,6050
9928,ミロク情報サービス,Communication Services,5250
9929,平和紙業,Industrials,6050
9930,北沢産業,Industrials,6050
9932,杉本商事,Industrials,6050
9934,因幡電機産業,Industrials,6050
9936,王将フードサービス,Consumer Cyclical,6100
9941,太洋物産,Industrials,6050
9946,ミニストップ,Consumer Cyclical,6100
9948,アークス,Consumer Cyclical,6100
9950,ハチバン,Consumer Cyclical,6100
9955,ヨンキュウ,Industrials,6050
9956,バローホールディングス,Consumer Cyclical,6100
9959,アシードホールディングス,Consumer Cyclical,6100
9960,東  テ  ク,Industrials,6050
9962,ミスミグループ  本社,Industrials,6050
9969,ショクブン,Consumer Cyclical,6100
9972,アルテック,Industrials,6050
9973,ＫＯＺＯホールディングス,Consumer Cyclical,6100
9974,ベ  ル  ク,Consumer Cyclical,6100
9976,セキチュー,Consumer Cyclical,6100
9978,文教堂グループＨＤ,Consumer Cyclical,6100
9979,大    庄,Consumer Cyclical,6100
9980,ＭＲＫホールディングス,Consumer Cyclical,6100
9982,タキヒヨー,Industrials,6050
9983,ファーストリテイリング,Consumer Cyclical,6100
9984,ソフトバンクグループ,Communication Services,5250
9986,蔵王産業,Industrials,6050
9987,スズケン,Industrials,6050
9989,サンドラッグ,Consumer Cyclical,6100
9990,サックスバー  ＨＤ,Consumer Cyclical,6100
9991,ジェコス,Industrials,6050
9993,ヤマザワ,Consumer Cyclical,6100
9994,や  ま  や,Consumer Cyclical,6100
9996,サトー商会,Industrials,6050
9997,ベルーナ,Consumer Cyclical,6100
